ID,age,baselining,gametime,gender,gravity,level,level_pupdilations,leveltime,mean_pupilsize,threscount,threshold
mtest1,1,True,2.0000000000000027,1,62.5,1,"[8947.0, 8961.0, 8960.0, 8946.0, 8966.0, 9113.0, 8769.0, 8761.0, 8803.0, 8973.0, 9063.0, 9097.0, 9151.0, 9182.0, 9238.0, 9283.0, 9343.0, 9384.0, 9424.0, 9485.0, 9528.0, 9585.0, 9405.0, 9423.0, 9477.0, 9501.0, 9510.0, 9550.0, 9597.0, 9633.0, 9674.0, 9718.0, 9763.0, 9794.0, 9834.0, 9791.0, 9806.0, 9841.0, 9864.0, 9892.0, 9922.0, 9943.0, 9942.0, 9865.0, 9892.0, 9946.0, 9979.0, 10023.0, 10042.0, 10069.0, 10100.0, 10127.0, 10141.0, 10166.0, 10193.0, 10203.0, 10212.0, 9938.0, 9946.0, 9993.0]",2.0000000000000027,9594.6166666666668,0,
mtest1,1,True,4.000000000000005,1,60.0,2,"[10028.0, 10062.0, 10091.0, 10134.0, 10174.0, 10216.0, 10268.0, 10157.0, 10213.0, 10245.0, 10282.0, 10319.0, 10344.0, 10375.0, 10397.0, 10420.0, 10431.0, 10462.0, 10490.0, 10492.0, 10501.0, 10516.0, 10525.0, 10530.0, 10547.0, 10551.0, 10515.0, 10413.0, 10434.0, 10458.0, 10484.0, 10498.0, 10298.0, 10312.0, 10325.0, 10351.0, 10372.0, 10394.0, 10410.0, 10438.0, 10462.0, 10483.0, 10492.0, 10500.0, 10407.0, 10365.0, 10382.0, 10398.0, 10410.0, 10412.0, 10415.0, 10423.0, 10216.0, 10220.0, 10218.0, 10219.0, 10225.0, 10255.0, 10266.0, 10280.0]",2.0000000000000027,10358.666666666666,0,
mtest1,1,True,6.000000000000008,1,57.5,3,"[10315.0, 10329.0, 9020.0, 0.0, 6672.0, 9771.0, 10293.0, 10248.0, 10252.0, 10272.0, 10285.0, 10301.0, 10330.0, 10356.0, 10369.0, 10390.0, 10402.0, 10401.0, 10244.0, 10191.0, 10220.0, 10247.0, 10256.0, 10265.0, 10257.0, 10244.0, 10115.0, 10070.0, 10086.0, 10097.0, 10117.0, 10136.0, 10085.0, 10065.0, 10091.0, 10121.0, 10150.0, 10170.0, 10195.0, 10213.0, 10225.0, 10240.0, 10247.0, 10170.0, 10064.0, 10092.0, 10135.0, 10157.0, 10176.0, 10130.0, 10127.0, 10154.0, 10171.0, 10208.0, 10224.0, 10234.0, 10269.0, 10293.0, 10330.0, 10357.0]",2.0000000000000027,9960.7333333333336,0,
mtest1,1,True,6.166666666666675,1,55.0,4,"[10404.0, 10436.0, 10462.0, 10481.0, 10506.0, 10649.0, 10681.0, 10683.0, 10704.0, 10718.0, 10731.0, 10748.0, 10756.0, 10761.0, 10769.0, 10769.0, 10782.0, 10759.0, 10696.0, 10706.0, 10699.0, 10705.0, 10704.0, 10710.0, 10697.0, 10520.0, 10538.0, 10551.0, 10574.0, 10600.0, 10414.0, 10431.0, 10462.0, 10476.0, 10491.0, 10505.0, 10516.0, 10390.0, 8347.0, 9178.0, 9921.0, 10435.0, 10537.0, 10498.0, 10502.0, 10518.0, 10524.0, 10565.0, 10577.0, 10584.0, 10611.0, 10615.0, 10627.0, 10430.0, 10414.0, 10424.0, 10435.0, 10429.0, 10428.0, 10435.0]",0.16666666666666666,10457.799999999999,0,
mtest1,1,True,8.166666666666679,1,55.0,5,"[10404.0, 10436.0, 10462.0, 10481.0, 10506.0, 10649.0, 10681.0, 10683.0, 10704.0, 10718.0, 10731.0, 10748.0, 10756.0, 10761.0, 10769.0, 10769.0, 10782.0, 10759.0, 10696.0, 10706.0, 10699.0, 10705.0, 10704.0, 10710.0, 10697.0, 10520.0, 10538.0, 10551.0, 10574.0, 10600.0, 10414.0, 10431.0, 10462.0, 10476.0, 10491.0, 10505.0, 10516.0, 10390.0, 8347.0, 9178.0, 9921.0, 10435.0, 10537.0, 10498.0, 10502.0, 10518.0, 10524.0, 10565.0, 10577.0, 10584.0, 10611.0, 10615.0, 10627.0, 10430.0, 10414.0, 10424.0, 10435.0, 10429.0, 10428.0, 10435.0]",2.0000000000000027,10503.633333333333,0,
mtest1,1,True,10.166666666666682,1,52.5,6,"[10480.0, 10356.0, 10368.0, 10391.0, 10404.0, 10422.0, 10440.0, 10443.0, 10414.0, 10403.0, 10418.0, 10435.0, 10453.0, 10298.0, 10284.0, 10298.0, 10329.0, 10342.0, 10352.0, 10342.0, 10296.0, 10323.0, 10354.0, 10371.0, 10387.0, 10396.0, 10407.0, 10418.0, 10441.0, 10454.0, 10509.0, 10523.0, 10537.0, 10539.0, 10559.0, 10562.0, 10561.0, 10629.0, 10477.0, 10484.0, 10483.0, 10502.0, 10511.0, 10532.0, 10554.0, 10565.0, 10598.0, 10455.0, 10466.0, 10488.0, 10508.0, 10512.0, 10537.0, 10558.0, 10443.0, 10457.0, 10485.0, 10504.0, 10527.0, 10533.0]",2.0000000000000027,10451.950000000001,0,
mtest1,1,True,10.466666666666683,1,50.0,7,"[10551.0, 10578.0, 10587.0, 10600.0, 10625.0, 10621.0, 10630.0, 10631.0, 10632.0, 10669.0, 10671.0, 10679.0, 10681.0, 10686.0, 10700.0, 10699.0, 10615.0, 0.0, 0.0, 5592.0, 9641.0, 10394.0, 10595.0, 10621.0, 10607.0, 10592.0, 10602.0, 10616.0, 10636.0, 10653.0, 10678.0, 10646.0, 10640.0, 10607.0, 10609.0, 10616.0, 10634.0, 10639.0, 10459.0, 10464.0, 10479.0, 10498.0, 10515.0, 10537.0, 10543.0, 10530.0, 10412.0, 10432.0, 10453.0, 10464.0, 10487.0, 10498.0, 10518.0, 10536.0, 10543.0, 10561.0, 10398.0, 10383.0, 10419.0, 10446.0]",0.3,10606.111111111111,0,
mtest1,1,True,11.500000000000016,1,50.0,8,"[10551.0, 10578.0, 10587.0, 10600.0, 10625.0, 10621.0, 10630.0, 10631.0, 10632.0, 10669.0, 10671.0, 10679.0, 10681.0, 10686.0, 10700.0, 10699.0, 10615.0, 0.0, 0.0, 5592.0, 9641.0, 10394.0, 10595.0, 10621.0, 10607.0, 10592.0, 10602.0, 10616.0, 10636.0, 10653.0, 10678.0, 10646.0, 10640.0, 10607.0, 10609.0, 10616.0, 10634.0, 10639.0, 10459.0, 10464.0, 10479.0, 10498.0, 10515.0, 10537.0, 10543.0, 10530.0, 10412.0, 10432.0, 10453.0, 10464.0, 10487.0, 10498.0, 10518.0, 10536.0, 10543.0, 10561.0, 10398.0, 10383.0, 10419.0, 10446.0]",1.0333333333333332,9744.5806451612898,0,
mtest1,1,True,13.500000000000018,1,50.0,9,"[10551.0, 10578.0, 10587.0, 10600.0, 10625.0, 10621.0, 10630.0, 10631.0, 10632.0, 10669.0, 10671.0, 10679.0, 10681.0, 10686.0, 10700.0, 10699.0, 10615.0, 0.0, 0.0, 5592.0, 9641.0, 10394.0, 10595.0, 10621.0, 10607.0, 10592.0, 10602.0, 10616.0, 10636.0, 10653.0, 10678.0, 10646.0, 10640.0, 10607.0, 10609.0, 10616.0, 10634.0, 10639.0, 10459.0, 10464.0, 10479.0, 10498.0, 10515.0, 10537.0, 10543.0, 10530.0, 10412.0, 10432.0, 10453.0, 10464.0, 10487.0, 10498.0, 10518.0, 10536.0, 10543.0, 10561.0, 10398.0, 10383.0, 10419.0, 10446.0]",2.0000000000000027,10117.466666666667,0,
mtest1,1,True,15.500000000000021,1,47.5,10,"[10460.0, 10486.0, 10498.0, 10518.0, 10534.0, 10543.0, 10541.0, 10563.0, 10576.0, 10584.0, 10606.0, 10603.0, 10616.0, 10634.0, 10617.0, 10635.0, 10630.0, 10637.0, 10646.0, 10645.0, 10658.0, 10678.0, 10470.0, 10492.0, 10523.0, 10561.0, 10574.0, 10565.0, 10535.0, 10559.0, 10570.0, 10582.0, 10607.0, 10635.0, 10624.0, 10641.0, 10657.0, 10671.0, 10682.0, 10501.0, 10518.0, 10533.0, 10548.0, 10555.0, 10564.0, 10576.0, 10580.0, 10573.0, 10504.0, 10532.0, 10558.0, 10580.0, 10575.0, 10566.0, 10626.0, 10654.0, 10688.0, 10673.0, 10686.0, 10711.0]",2.0000000000000027,10585.950000000001,0,
mtest1,1,True,17.500000000000025,1,45.0,11,"[10737.0, 10761.0, 10782.0, 10794.0, 10813.0, 10828.0, 10827.0, 10839.0, 10839.0, 10855.0, 10847.0, 10835.0, 10843.0, 10813.0, 10810.0, 10815.0, 10813.0, 10858.0, 10724.0, 10678.0, 10700.0, 10731.0, 10744.0, 10609.0, 10637.0, 10668.0, 10694.0, 10718.0, 10661.0, 10530.0, 10550.0, 10576.0, 10602.0, 10730.0, 10723.0, 10745.0, 10749.0, 10770.0, 10770.0, 10787.0, 10794.0, 10790.0, 10810.0, 10816.0, 10818.0, 10823.0, 10830.0, 10842.0, 10851.0, 10853.0, 10944.0, 10756.0, 10710.0, 10789.0, 10785.0, 10799.0, 10801.0, 10819.0, 10845.0, 10858.0]",2.0000000000000027,10768.966666666667,0,
mtest1,1,True,17.700000000000024,1,42.5,12,"[10884.0, 10902.0, 10920.0, 10939.0, 10911.0, 10761.0, 11026.0, 11017.0, 11077.0, 10920.0, 10900.0, 10920.0, 10925.0, 10949.0, 10767.0, 10792.0, 7449.0, 3960.0, 8184.0, 10558.0, 10904.0, 10868.0, 10877.0, 10894.0, 10918.0, 10926.0, 10946.0, 10942.0, 10956.0, 10993.0, 10843.0, 10856.0, 10869.0, 10886.0, 10896.0, 10895.0, 10889.0, 10899.0, 10905.0, 10909.0, 10915.0, 10928.0, 10929.0, 10949.0, 10946.0, 10956.0, 10960.0, 10966.0, 10958.0, 10968.0, 10942.0, 10946.0, 10961.0, 10967.0, 10965.0, 10963.0, 10969.0, 10962.0, 10958.0, 10962.0]",0.19999999999999998,10886.166666666666,0,
mtest1,1,True,19.700000000000028,1,42.5,13,"[10884.0, 10902.0, 10920.0, 10939.0, 10911.0, 10761.0, 11026.0, 11017.0, 11077.0, 10920.0, 10900.0, 10920.0, 10925.0, 10949.0, 10767.0, 10792.0, 7449.0, 3960.0, 8184.0, 10558.0, 10904.0, 10868.0, 10877.0, 10894.0, 10918.0, 10926.0, 10946.0, 10942.0, 10956.0, 10993.0, 10843.0, 10856.0, 10869.0, 10886.0, 10896.0, 10895.0, 10889.0, 10899.0, 10905.0, 10909.0, 10915.0, 10928.0, 10929.0, 10949.0, 10946.0, 10956.0, 10960.0, 10966.0, 10958.0, 10968.0, 10942.0, 10946.0, 10961.0, 10967.0, 10965.0, 10963.0, 10969.0, 10962.0, 10958.0, 10962.0]",2.0000000000000027,10698.366666666667,0,
mtest1,1,True,19.766666666666694,1,40.0,14,"[10975.0, 10982.0, 11071.0, 11065.0, 11062.0, 11061.0, 11061.0, 11050.0, 11052.0, 10743.0, 10734.0, 10770.0, 10796.0, 10824.0, 10848.0, 10861.0, 10874.0, 10892.0, 10748.0, 10771.0, 10807.0, 10826.0, 10846.0, 10854.0, 10862.0, 10898.0, 10872.0, 10904.0, 10912.0, 10919.0, 10911.0, 10895.0, 10882.0, 10883.0, 10886.0, 10896.0, 10910.0, 10926.0, 10936.0, 10956.0, 10697.0, 10722.0, 10753.0, 10800.0, 10824.0, 10849.0, 10865.0, 10882.0, 10819.0, 10829.0, 10844.0, 10892.0, 10910.0, 10821.0, 10716.0, 10741.0, 10752.0, 10755.0, 10774.0, 10775.0]",0.06666666666666667,10978.5,0,
mtest1,1,True,21.766666666666698,1,40.0,15,"[10975.0, 10982.0, 11071.0, 11065.0, 11062.0, 11061.0, 11061.0, 11050.0, 11052.0, 10743.0, 10734.0, 10770.0, 10796.0, 10824.0, 10848.0, 10861.0, 10874.0, 10892.0, 10748.0, 10771.0, 10807.0, 10826.0, 10846.0, 10854.0, 10862.0, 10898.0, 10872.0, 10904.0, 10912.0, 10919.0, 10911.0, 10895.0, 10882.0, 10883.0, 10886.0, 10896.0, 10910.0, 10926.0, 10936.0, 10956.0, 10697.0, 10722.0, 10753.0, 10800.0, 10824.0, 10849.0, 10865.0, 10882.0, 10819.0, 10829.0, 10844.0, 10892.0, 10910.0, 10821.0, 10716.0, 10741.0, 10752.0, 10755.0, 10774.0, 10775.0]",2.0000000000000027,10867.35,0,
mtest1,1,True,23.7666666666667,1,37.5,16,"[10797.0, 10812.0, 10826.0, 10847.0, 10850.0, 10871.0, 10886.0, 10890.0, 10889.0, 10900.0, 10904.0, 10931.0, 10774.0, 10805.0, 10819.0, 10825.0, 10820.0, 10657.0, 10644.0, 10676.0, 10695.0, 10728.0, 10738.0, 10737.0, 10604.0, 10639.0, 10652.0, 10666.0, 10684.0, 10689.0, 10687.0, 10695.0, 10705.0, 10711.0, 10721.0, 10737.0, 10749.0, 10771.0, 10787.0, 10788.0, 10799.0, 10671.0, 10616.0, 10635.0, 10662.0, 10667.0, 10678.0, 10692.0, 10691.0, 10611.0, 10658.0, 10695.0, 10706.0, 10731.0, 10752.0, 10674.0, 10643.0, 10661.0, 10671.0, 10671.0]",2.0000000000000027,10736.5,0,
mtest1,1,True,25.766666666666705,1,35.0,17,"[10671.0, 10636.0, 10631.0, 10645.0, 10636.0, 10668.0, 10616.0, 10594.0, 10625.0, 10625.0, 10658.0, 10667.0, 10677.0, 10688.0, 10704.0, 10705.0, 10723.0, 10723.0, 10732.0, 10741.0, 10753.0, 10776.0, 10801.0, 10818.0, 10837.0, 10843.0, 10869.0, 10889.0, 10905.0, 10925.0, 10938.0, 10800.0, 10755.0, 10787.0, 10811.0, 10812.0, 10825.0, 10825.0, 10830.0, 10806.0, 10689.0, 10712.0, 10737.0, 10773.0, 10801.0, 10813.0, 10798.0, 10678.0, 10891.0, 10900.0, 10912.0, 10932.0, 10951.0, 10958.0, 10963.0, 10971.0, 10975.0, 10985.0, 10982.0, 10996.0]",2.0000000000000027,10789.783333333333,0,
mtest1,1,True,26.03333333333337,1,32.5,18,"[11007.0, 11014.0, 11013.0, 11045.0, 11021.0, 11032.0, 11032.0, 11044.0, 11217.0, 11109.0, 11126.0, 11120.0, 11091.0, 11077.0, 11071.0, 11085.0, 10901.0, 10992.0, 10980.0, 10965.0, 10976.0, 10994.0, 10992.0, 11022.0, 10875.0, 10866.0, 10867.0, 10870.0, 10937.0, 10961.0, 10966.0, 10976.0, 10998.0, 11005.0, 11011.0, 11022.0, 11028.0, 11059.0, 11064.0, 11077.0, 11114.0, 11128.0, 11038.0, 11039.0, 11041.0, 11041.0, 11041.0, 11053.0, 11042.0, 10792.0, 10832.0, 10815.0, 10827.0, 10829.0, 10851.0, 10808.0, 10812.0, 10816.0, 10825.0, 10827.0]",0.26666666666666666,11026.0,0,
mtest1,1,True,27.433333333333373,1,32.5,19,"[11007.0, 11014.0, 11013.0, 11045.0, 11021.0, 11032.0, 11032.0, 11044.0, 11217.0, 11109.0, 11126.0, 11120.0, 11091.0, 11077.0, 11071.0, 11085.0, 10901.0, 10992.0, 10980.0, 10965.0, 10976.0, 10994.0, 10992.0, 11022.0, 10875.0, 10866.0, 10867.0, 10870.0, 10937.0, 10961.0, 10966.0, 10976.0, 10998.0, 11005.0, 11011.0, 11022.0, 11028.0, 11059.0, 11064.0, 11077.0, 11114.0, 11128.0, 11038.0, 11039.0, 11041.0, 11041.0, 11041.0, 11053.0, 11042.0, 10792.0, 10832.0, 10815.0, 10827.0, 10829.0, 10851.0, 10808.0, 10812.0, 10816.0, 10825.0, 10827.0]",1.400000000000001,11017.857142857143,0,
mtest1,1,True,29.433333333333376,1,32.5,20,"[11007.0, 11014.0, 11013.0, 11045.0, 11021.0, 11032.0, 11032.0, 11044.0, 11217.0, 11109.0, 11126.0, 11120.0, 11091.0, 11077.0, 11071.0, 11085.0, 10901.0, 10992.0, 10980.0, 10965.0, 10976.0, 10994.0, 10992.0, 11022.0, 10875.0, 10866.0, 10867.0, 10870.0, 10937.0, 10961.0, 10966.0, 10976.0, 10998.0, 11005.0, 11011.0, 11022.0, 11028.0, 11059.0, 11064.0, 11077.0, 11114.0, 11128.0, 11038.0, 11039.0, 11041.0, 11041.0, 11041.0, 11053.0, 11042.0, 10792.0, 10832.0, 10815.0, 10827.0, 10829.0, 10851.0, 10808.0, 10812.0, 10816.0, 10825.0, 10827.0]",2.0000000000000027,10984.65,0,
mtest1,1,True,31.43333333333338,1,30.0,21,"[10839.0, 10852.0, 10858.0, 10883.0, 10879.0, 10886.0, 10807.0, 10805.0, 10811.0, 10810.0, 10829.0, 10839.0, 10858.0, 10872.0, 10881.0, 10899.0, 10887.0, 10963.0, 10999.0, 10995.0, 10990.0, 11001.0, 10990.0, 11024.0, 10444.0, 10634.0, 10734.0, 10741.0, 10650.0, 10562.0, 10565.0, 10546.0, 10582.0, 10596.0, 10623.0, 10646.0, 10665.0, 10692.0, 10563.0, 10575.0, 10578.0, 10599.0, 10611.0, 10626.0, 10525.0, 10532.0, 10562.0, 10570.0, 10591.0, 10601.0, 10610.0, 10629.0, 10622.0, 10638.0, 10638.0, 10656.0, 10656.0, 10675.0, 10662.0, 10686.0]",2.0000000000000027,10725.700000000001,0,
mtest1,1,True,33.43333333333338,1,27.5,22,"[10692.0, 10708.0, 10724.0, 10748.0, 10752.0, 10770.0, 10790.0, 10808.0, 10821.0, 10833.0, 10844.0, 10858.0, 10880.0, 10906.0, 10915.0, 10916.0, 10929.0, 10926.0, 10928.0, 10889.0, 10327.0, 10480.0, 10668.0, 10628.0, 10635.0, 10605.0, 10592.0, 10603.0, 10623.0, 10566.0, 10474.0, 10667.0, 10681.0, 10677.0, 10688.0, 10723.0, 10735.0, 10754.0, 10763.0, 10794.0, 10649.0, 10658.0, 10699.0, 10700.0, 10716.0, 10719.0, 10714.0, 10710.0, 10702.0, 10624.0, 10633.0, 10641.0, 10659.0, 10674.0, 10689.0, 10704.0, 10732.0, 10751.0, 10768.0, 10775.0]",2.0000000000000027,10720.616666666667,0,
mtest1,1,True,35.43333333333338,1,25.0,23,"[10763.0, 10797.0, 10816.0, 10836.0, 10851.0, 10876.0, 10883.0, 10913.0, 10936.0, 10963.0, 10972.0, 10984.0, 11001.0, 11014.0, 11029.0, 11052.0, 11044.0, 11070.0, 11078.0, 11094.0, 11107.0, 11115.0, 11116.0, 11127.0, 11123.0, 11126.0, 11127.0, 11134.0, 11135.0, 11192.0, 11152.0, 11153.0, 11168.0, 11172.0, 11166.0, 11161.0, 11146.0, 11130.0, 11114.0, 11101.0, 10976.0, 11023.0, 11047.0, 11060.0, 11071.0, 11086.0, 10904.0, 10919.0, 11000.0, 11041.0, 11039.0, 10699.0, 10846.0, 10863.0, 10835.0, 10829.0, 10848.0, 10860.0, 10872.0, 10761.0]",2.0000000000000027,11005.266666666666,0,
mtest1,1,True,37.43333333333338,1,22.5,24,"[10688.0, 10689.0, 10707.0, 10726.0, 10736.0, 10757.0, 10763.0, 10667.0, 10619.0, 10630.0, 10645.0, 10654.0, 10676.0, 10689.0, 10703.0, 10724.0, 10741.0, 10755.0, 10778.0, 10789.0, 10810.0, 10824.0, 10857.0, 10864.0, 10877.0, 10888.0, 10903.0, 10907.0, 10926.0, 10925.0, 10938.0, 10934.0, 10943.0, 10951.0, 10949.0, 10956.0, 10957.0, 10962.0, 10963.0, 10915.0, 10944.0, 10912.0, 10909.0, 10919.0, 10926.0, 10934.0, 10866.0, 10793.0, 10775.0, 10784.0, 10794.0, 10817.0, 10835.0, 10844.0, 10862.0, 10878.0, 10899.0, 10902.0, 10916.0, 10929.0]",2.0000000000000027,10830.383333333333,0,
mtest1,1,True,39.43333333333338,1,20.0,25,"[10936.0, 10934.0, 10939.0, 10955.0, 10916.0, 10913.0, 10925.0, 10929.0, 10939.0, 10950.0, 10955.0, 10962.0, 10975.0, 10991.0, 10989.0, 11006.0, 11018.0, 11021.0, 11032.0, 11038.0, 11047.0, 11055.0, 11048.0, 11062.0, 11069.0, 11080.0, 11079.0, 11072.0, 11070.0, 11062.0, 11067.0, 11072.0, 11063.0, 11067.0, 11068.0, 11074.0, 11062.0, 11110.0, 10977.0, 10921.0, 10880.0, 10886.0, 10896.0, 10891.0, 10890.0, 10822.0, 10829.0, 10834.0, 10840.0, 10849.0, 10848.0, 10861.0, 10867.0, 10873.0, 10291.0, 10516.0, 10663.0, 10740.0, 10705.0, 10713.0]",2.0000000000000027,10935.700000000001,0,
mtest1,1,True,41.43333333333338,1,17.5,26,"[10734.0, 10755.0, 10764.0, 10777.0, 10776.0, 10782.0, 10666.0, 10692.0, 10709.0, 10713.0, 10716.0, 10722.0, 10736.0, 10732.0, 10733.0, 10736.0, 10738.0, 10736.0, 10734.0, 10747.0, 10760.0, 10761.0, 10771.0, 10782.0, 10779.0, 10778.0, 10773.0, 10746.0, 10738.0, 10716.0, 10700.0, 10696.0, 10689.0, 10704.0, 10715.0, 10746.0, 10757.0, 10781.0, 10789.0, 10805.0, 10822.0, 10831.0, 10838.0, 10851.0, 10860.0, 10878.0, 10841.0, 10725.0, 10740.0, 10706.0, 10704.0, 10714.0, 10724.0, 10666.0, 10630.0, 10642.0, 10661.0, 10683.0, 10710.0, 10722.0]",2.0000000000000027,10743.866666666667,0,
