ID,age,baselining,control,deaths,gametime,gender,gravity,level,level_pupdilations,leveltime,mean_pupilsize,threscount,threshold
f,34,False,False,0,2.0000000000000027,m,15,1,"[8267.0, 8269.0, 8237.0, 8219.0, 8212.0, 8167.0, 8148.0, 8133.0, 8097.0, 8062.0, 8034.0, 7926.0, 7918.0, 7904.0, 7909.0, 7890.0, 7890.0, 7891.0, 7874.0, 7876.0, 7887.0, 7892.0, 7890.0, 7895.0, 7882.0, 7844.0, 7832.0, 7825.0, 7802.0, 7779.0, 7739.0, 7702.0, 7672.0, 7626.0, 7584.0, 7582.0, 7548.0, 7539.0, 7531.0, 7487.0, 7439.0, 7365.0, 7326.0, 7027.0, 3682.0, 4073.0, 4123.0, 5054.0, 5598.0, 5258.0, 4204.0, 5455.0, 0.0, 5234.0, 0.0, 0.0, 0.0, 3892.0, 3888.0, 3862.0]",2.0000000000000027,6649.0166666666664,0,8983.8330375856876
f,34,False,False,0,4.000000000000005,m,16.5,2,"[3937.0, 3991.0, 0.0, 3786.0, 3485.0, 3665.0, 3895.0, 3982.0, 3864.0, 2794.0, 3882.0, 2647.0, 0.0, 2557.0, 2364.0, 2696.0, 2704.0, 2875.0, 3164.0, 3298.0, 3002.0, 2271.0, 2439.0, 2715.0, 2630.0, 2796.0, 3141.0, 2808.0, 2731.0, 2199.0, 0.0, 0.0, 0.0, 0.0, 0.0, 0.0, 0.0, 0.0, 0.0, 0.0, 0.0, 0.0, 0.0, 0.0, 0.0, 0.0, 0.0, 0.0, 0.0, 0.0, 0.0, 0.0, 0.0, 0.0, 0.0, 0.0, 0.0, 0.0, 0.0, 0.0]",2.0000000000000027,1438.6333333333334,0,8983.8330375856876
f,34,False,False,0,6.000000000000008,m,18.15,3,"[0.0, 0.0, 0.0, 0.0, 0.0, 0.0, 0.0, 0.0, 0.0, 0.0, 0.0, 0.0, 0.0, 0.0, 0.0, 0.0, 0.0, 0.0, 0.0, 0.0, 0.0, 0.0, 0.0, 0.0, 0.0, 0.0, 0.0, 0.0, 0.0, 2182.0, 2588.0, 2522.0, 2611.0, 0.0, 0.0, 1826.0, 2294.0, 2333.0, 2274.0, 2341.0, 2360.0, 0.0, 2577.0, 2620.0, 2719.0, 2737.0, 2694.0, 2800.0, 2796.0, 2974.0, 2949.0, 2444.0, 2552.0, 2702.0, 2870.0, 3016.0, 3010.0, 2975.0, 0.0, 0.0]",2.0000000000000027,1129.4333333333334,0,8983.8330375856876
f,34,False,False,0,8.00000000000001,m,19.965,4,"[0.0, 2924.0, 2675.0, 2880.0, 2759.0, 2727.0, 2955.0, 2941.0, 0.0, 0.0, 0.0, 0.0, 0.0, 0.0, 0.0, 0.0, 0.0, 0.0, 0.0, 0.0, 0.0, 0.0, 0.0, 0.0, 0.0, 0.0, 0.0, 0.0, 0.0, 0.0, 0.0, 0.0, 0.0, 0.0, 2487.0, 2680.0, 2781.0, 2360.0, 1847.0, 2031.0, 1865.0, 2028.0, 1866.0, 1849.0, 2121.0, 2064.0, 2159.0, 2284.0, 2170.0, 2454.0, 2509.0, 0.0, 0.0, 0.0, 0.0, 0.0, 0.0, 0.0, 0.0, 0.0]",2.0000000000000027,956.93333333333328,0,8983.8330375856876
f,34,False,False,0,10.000000000000014,m,21.962,5,"[0.0, 0.0, 0.0, 0.0, 0.0, 0.0, 0.0, 0.0, 0.0, 0.0, 0.0, 0.0, 0.0, 0.0, 0.0, 0.0, 0.0, 0.0, 0.0, 0.0, 8103.0, 8100.0, 8120.0, 8127.0, 8136.0, 8062.0, 8047.0, 7993.0, 7940.0, 7823.0, 7718.0, 7587.0, 7434.0, 7355.0, 7278.0, 7200.0, 7145.0, 7118.0, 7057.0, 7043.0, 7040.0, 0.0, 0.0, 4805.0, 6890.0, 7010.0, 7053.0, 7091.0, 7095.0, 7125.0, 7144.0, 7170.0, 7197.0, 7220.0, 7247.0, 7269.0, 7281.0, 7302.0, 7318.0, 7307.0]",2.0000000000000027,4665.833333333333,0,8983.8330375856876
f,34,False,False,0,12.000000000000018,m,24.158,6,"[7329.0, 7336.0, 7369.0, 7373.0, 7391.0, 7430.0, 7440.0, 7470.0, 7484.0, 7512.0, 7539.0, 7529.0, 7561.0, 7559.0, 7574.0, 7582.0, 7601.0, 7631.0, 7644.0, 7646.0, 7678.0, 7692.0, 7737.0, 7640.0, 7638.0, 7695.0, 7710.0, 7748.0, 7759.0, 7812.0, 7830.0, 7819.0, 7834.0, 7832.0, 7809.0, 7822.0, 7840.0, 7804.0, 7831.0, 7844.0, 7862.0, 7874.0, 7905.0, 7905.0, 7949.0, 8013.0, 8002.0, 8028.0, 8048.0, 8056.0, 8082.0, 8092.0, 8112.0, 0.0, 0.0, 8161.0, 8153.0, 8184.0, 8157.0, 8140.0]",2.0000000000000027,7501.6166666666668,0,8983.8330375856876
f,34,False,False,1,14.000000000000021,m,26.574,7,"[8156.0, 8144.0, 8157.0, 8188.0, 8196.0, 8216.0, 8248.0, 8251.0, 8273.0, 8294.0, 8301.0, 8301.0, 0.0, 7153.0, 8590.0, 8657.0, 8679.0, 8683.0, 8706.0, 8696.0, 8634.0, 8528.0, 8530.0, 8510.0, 8476.0, 8438.0, 8404.0, 8227.0, 8232.0, 8189.0, 8169.0, 8144.0, 8130.0, 8104.0, 8100.0, 8117.0, 8104.0, 8099.0, 8100.0, 8120.0, 8142.0, 8176.0, 8191.0, 8235.0, 8261.0, 8278.0, 8304.0, 8215.0, 8132.0, 8168.0, 8181.0, 8204.0, 8202.0, 8216.0, 8161.0, 8125.0, 8102.0, 8084.0, 8082.0, 8061.0]",2.0000000000000027,8112.7333333333336,0,8983.8330375856876
f,34,False,False,1,16.000000000000025,m,29.231,8,"[8037.0, 8027.0, 8028.0, 8014.0, 7966.0, 7974.0, 7967.0, 7978.0, 7991.0, 7987.0, 7999.0, 7990.0, 7973.0, 7973.0, 7966.0, 7960.0, 7950.0, 7948.0, 7959.0, 7973.0, 7849.0, 7849.0, 7880.0, 7876.0, 7868.0, 7906.0, 7904.0, 7897.0, 7900.0, 7916.0, 7889.0, 7918.0, 7906.0, 7931.0, 7951.0, 7976.0, 8007.0, 8053.0, 8082.0, 8120.0, 8156.0, 8176.0, 8193.0, 8217.0, 8238.0, 8242.0, 8256.0, 8256.0, 8266.0, 7994.0, 8016.0, 8005.0, 8001.0, 8005.0, 7975.0, 7961.0, 7936.0, 7928.0, 7928.0, 7878.0]",2.0000000000000027,7999.416666666667,0,8983.8330375856876
f,34,False,False,1,18.00000000000003,m,32.154,9,"[7842.0, 7856.0, 7879.0, 7876.0, 7904.0, 7905.0, 7911.0, 7881.0, 7898.0, 7912.0, 7909.0, 7910.0, 7930.0, 7880.0, 7836.0, 7817.0, 7799.0, 7777.0, 7780.0, 7782.0, 7784.0, 7800.0, 7814.0, 7811.0, 7813.0, 7812.0, 7823.0, 7834.0, 7837.0, 7848.0, 7872.0, 7865.0, 7886.0, 7906.0, 7911.0, 7871.0, 7782.0, 7745.0, 7769.0, 7775.0, 7762.0, 7770.0, 7770.0, 7766.0, 7776.0, 7776.0, 7723.0, 7748.0, 7755.0, 7763.0, 7788.0, 7795.0, 7840.0, 7885.0, 7914.0, 7960.0, 8016.0, 8051.0, 8071.0, 8123.0]",2.0000000000000027,7848.2333333333336,0,8983.8330375856876
f,34,False,False,1,20.000000000000032,m,35.369,10,"[8167.0, 8166.0, 8205.0, 8222.0, 8255.0, 8266.0, 8302.0, 8299.0, 8304.0, 8319.0, 8275.0, 8205.0, 8245.0, 8225.0, 8221.0, 8207.0, 8215.0, 8219.0, 8194.0, 8202.0, 8225.0, 8116.0, 8124.0, 8156.0, 8171.0, 8159.0, 8169.0, 8199.0, 8227.0, 8241.0, 8267.0, 8282.0, 8312.0, 8326.0, 8340.0, 8361.0, 8388.0, 8395.0, 8397.0, 8407.0, 8421.0, 8448.0, 8444.0, 8430.0, 8436.0, 8425.0, 8424.0, 8432.0, 8443.0, 8453.0, 8463.0, 8462.0, 8462.0, 8461.0, 8502.0, 8273.0, 8323.0, 8313.0, 8354.0, 8370.0]",2.0000000000000027,8305.2333333333336,0,8983.8330375856876
f,34,False,False,1,22.000000000000036,m,38.906,11,"[8383.0, 8391.0, 8397.0, 8382.0, 8400.0, 8429.0, 8436.0, 8438.0, 8456.0, 8474.0, 8455.0, 8470.0, 8486.0, 8494.0, 8507.0, 8525.0, 8554.0, 8569.0, 8617.0, 8658.0, 8514.0, 8539.0, 8576.0, 8582.0, 8396.0, 8395.0, 8363.0, 8348.0, 8334.0, 8288.0, 8265.0, 8233.0, 8227.0, 8227.0, 8232.0, 8255.0, 8284.0, 8272.0, 8317.0, 8344.0, 8382.0, 8407.0, 8427.0, 8452.0, 8464.0, 0.0, 8470.0, 8540.0, 8579.0, 8595.0, 8590.0, 8434.0, 8388.0, 8359.0, 8367.0, 8347.0, 8313.0, 8274.0, 8086.0, 8001.0]",2.0000000000000027,8266.4500000000007,0,8983.8330375856876
f,34,False,False,1,24.00000000000004,m,42.797,12,"[7906.0, 7839.0, 7768.0, 7707.0, 7641.0, 7603.0, 7579.0, 7562.0, 7511.0, 7554.0, 7550.0, 7571.0, 7511.0, 7538.0, 7561.0, 7597.0, 7640.0, 7682.0, 7731.0, 7779.0, 7812.0, 7841.0, 7878.0, 7899.0, 7901.0, 7918.0, 7934.0, 7955.0, 7930.0, 7801.0, 7809.0, 7815.0, 7815.0, 7834.0, 7825.0, 7796.0, 7775.0, 7741.0, 7735.0, 7673.0, 7670.0, 7673.0, 7694.0, 7675.0, 7683.0, 7723.0, 7742.0, 7792.0, 7843.0, 7888.0, 7934.0, 7851.0, 7877.0, 7916.0, 7967.0, 7877.0, 7925.0, 7978.0, 8008.0, 8009.0]",2.0000000000000027,7770.6999999999998,0,8983.8330375856876
f,34,False,False,2,26.000000000000043,m,47.077,13,"[8015.0, 8037.0, 7917.0, 7908.0, 7925.0, 7936.0, 7938.0, 7947.0, 7955.0, 7930.0, 7912.0, 7950.0, 7950.0, 7965.0, 7953.0, 8006.0, 8039.0, 0.0, 8098.0, 8160.0, 8185.0, 8211.0, 8224.0, 8236.0, 8270.0, 8299.0, 8319.0, 8282.0, 8338.0, 8346.0, 8360.0, 8537.0, 8503.0, 8459.0, 8474.0, 8470.0, 8492.0, 8493.0, 8491.0, 8491.0, 8490.0, 8501.0, 8463.0, 8475.0, 8461.0, 8387.0, 8388.0, 8365.0, 8343.0, 8316.0, 8309.0, 8277.0, 8262.0, 8271.0, 8195.0, 8162.0, 8156.0, 8203.0, 8214.0, 8215.0]",2.0000000000000027,8091.2333333333336,0,8983.8330375856876
f,34,False,False,2,28.000000000000046,m,51.785,14,"[8233.0, 8223.0, 8230.0, 8224.0, 8241.0, 8021.0, 8063.0, 8058.0, 8073.0, 8078.0, 8088.0, 8116.0, 8087.0, 8055.0, 8036.0, 8045.0, 8060.0, 8074.0, 8102.0, 8133.0, 8153.0, 8165.0, 8191.0, 8152.0, 8052.0, 8064.0, 8066.0, 8066.0, 8102.0, 8096.0, 8084.0, 8078.0, 8087.0, 8046.0, 7948.0, 7925.0, 7902.0, 7870.0, 7838.0, 7801.0, 7765.0, 7747.0, 7711.0, 7714.0, 7699.0, 7631.0, 7664.0, 7654.0, 7664.0, 7674.0, 7697.0, 7706.0, 7719.0, 7752.0, 7830.0, 7850.0, 7863.0, 7879.0, 7909.0, 7935.0]",2.0000000000000027,7966.4833333333336,0,8983.8330375856876
f,34,False,False,3,30.00000000000005,m,56.964,15,"[7984.0, 8034.0, 7858.0, 7939.0, 7932.0, 7979.0, 8007.0, 8056.0, 8085.0, 8124.0, 8145.0, 8180.0, 8218.0, 8252.0, 8308.0, 8331.0, 8334.0, 8373.0, 8413.0, 9120.0, 9088.0, 9071.0, 9071.0, 9071.0, 9049.0, 9021.0, 9015.0, 8900.0, 8946.0, 8926.0, 8868.0, 8832.0, 8794.0, 8761.0, 8732.0, 8724.0, 8725.0, 8708.0, 8698.0, 8710.0, 8717.0, 8712.0, 8703.0, 8717.0, 8715.0, 8713.0, 8598.0, 8597.0, 8567.0, 8554.0, 8557.0, 8582.0, 8600.0, 8628.0, 8638.0, 8632.0, 8665.0, 8654.0, 8635.0, 8648.0]",2.0000000000000027,8570.2333333333336,5,8983.8330375856876
f,34,False,False,3,32.00000000000005,m,57.913,16,"[8671.0, 8681.0, 8733.0, 8731.0, 8759.0, 8764.0, 8798.0, 8818.0, 8850.0, 8870.0, 8894.0, 8919.0, 8776.0, 8832.0, 8865.0, 8873.0, 8881.0, 8866.0, 0.0, 0.0, 8843.0, 8880.0, 8903.0, 8915.0, 8943.0, 8965.0, 8762.0, 8784.0, 8817.0, 8830.0, 8861.0, 8896.0, 8921.0, 8939.0, 8952.0, 8900.0, 8893.0, 8896.0, 8904.0, 8916.0, 8914.0, 8904.0, 8915.0, 8921.0, 8928.0, 8950.0, 8939.0, 8872.0, 8897.0, 8882.0, 8920.0, 8933.0, 8955.0, 8964.0, 8954.0, 8989.0, 8986.0, 9002.0, 9024.0, 9028.0]",2.0000000000000027,8586.2999999999993,5,8983.8330375856876
f,34,False,False,5,34.00000000000005,m,63.704,17,"[8927.0, 8966.0, 8968.0, 8956.0, 8955.0, 8950.0, 8942.0, 8930.0, 8929.0, 8922.0, 8900.0, 8895.0, 8896.0, 8901.0, 8865.0, 8833.0, 8818.0, 8816.0, 8812.0, 8765.0, 8757.0, 8764.0, 8778.0, 8814.0, 8825.0, 8847.0, 8863.0, 8814.0, 8791.0, 8811.0, 8796.0, 8805.0, 8795.0, 8767.0, 8799.0, 8795.0, 8813.0, 8292.0, 8306.0, 8314.0, 8332.0, 8354.0, 8372.0, 8368.0, 8379.0, 8432.0, 8415.0, 8457.0, 8470.0, 8473.0, 8475.0, 8493.0, 8488.0, 8482.0, 8500.0, 8432.0, 8412.0, 8417.0, 8435.0, 8457.0]",2.0000000000000027,8685.5833333333339,5,8983.8330375856876
f,34,False,False,8,36.00000000000005,m,70.074,18,"[8468.0, 8467.0, 8464.0, 8505.0, 8515.0, 8545.0, 8541.0, 8491.0, 8461.0, 8450.0, 8454.0, 8474.0, 8493.0, 8486.0, 8509.0, 8521.0, 8564.0, 8595.0, 8603.0, 8622.0, 8644.0, 8638.0, 8656.0, 8426.0, 8423.0, 8398.0, 8391.0, 8372.0, 8353.0, 8321.0, 8292.0, 8257.0, 8251.0, 8219.0, 8190.0, 0.0, 0.0, 8116.0, 8218.0, 8234.0, 8719.0, 8721.0, 8756.0, 8759.0, 8776.0, 8779.0, 8793.0, 8800.0, 8814.0, 8804.0, 8791.0, 8762.0, 8790.0, 8792.0, 8808.0, 8593.0, 8597.0, 8605.0, 8620.0, 8637.0]",2.0000000000000027,8255.7166666666672,5,8983.8330375856876
f,34,False,False,10,38.00000000000005,m,77.081,19,"[8640.0, 8660.0, 8652.0, 8601.0, 8571.0, 8593.0, 8631.0, 8667.0, 8669.0, 8697.0, 8688.0, 8677.0, 8667.0, 8663.0, 8647.0, 8615.0, 8611.0, 8599.0, 8579.0, 8564.0, 8578.0, 8583.0, 8609.0, 8585.0, 8695.0, 8708.0, 8724.0, 8687.0, 8675.0, 8669.0, 8683.0, 8695.0, 8702.0, 8695.0, 8721.0, 8724.0, 8740.0, 8741.0, 8764.0, 8795.0, 8801.0, 8816.0, 8827.0, 8823.0, 8805.0, 8813.0, 8801.0, 8778.0, 8791.0, 8739.0, 8400.0, 8705.0, 8588.0, 8568.0, 8568.0, 8568.0, 8566.0, 8560.0, 8539.0, 8512.0]",2.0000000000000027,8667.2000000000007,5,8983.8330375856876
f,34,False,False,12,40.00000000000005,m,84.789,20,"[8498.0, 8495.0, 8588.0, 7808.0, 7365.0, 7732.0, 8015.0, 8152.0, 8350.0, 8438.0, 8537.0, 8593.0, 8735.0, 8736.0, 8768.0, 0.0, 0.0, 8688.0, 8724.0, 8727.0, 8740.0, 8427.0, 8465.0, 8534.0, 8556.0, 8550.0, 8552.0, 8587.0, 8614.0, 8440.0, 8437.0, 8407.0, 8411.0, 8413.0, 8433.0, 8411.0, 8422.0, 8383.0, 8387.0, 8364.0, 8383.0, 8417.0, 8435.0, 8452.0, 8438.0, 8642.0, 8553.0, 8491.0, 8511.0, 8493.0, 8482.0, 8468.0, 8443.0, 8417.0, 8389.0, 8356.0, 8140.0, 8068.0, 0.0, 8098.0]",2.0000000000000027,8002.6333333333332,5,8983.8330375856876
f,34,False,False,13,42.00000000000005,m,93.268,21,"[8110.0, 8099.0, 8092.0, 8074.0, 8291.0, 8306.0, 8342.0, 8346.0, 8380.0, 8198.0, 0.0, 0.0, 0.0, 8302.0, 8319.0, 8232.0, 8247.0, 8248.0, 8234.0, 8246.0, 8247.0, 8230.0, 8264.0, 8241.0, 8260.0, 8307.0, 8067.0, 8140.0, 8159.0, 8182.0, 8217.0, 8247.0, 8251.0, 8274.0, 8279.0, 8321.0, 8348.0, 8384.0, 8405.0, 8433.0, 8436.0, 8474.0, 8518.0, 8530.0, 8547.0, 8579.0, 8584.0, 8621.0, 8401.0, 8431.0, 8429.0, 8463.0, 8501.0, 8517.0, 8538.0, 8544.0, 8557.0, 8568.0, 8648.0, 8661.0]",2.0000000000000027,7931.1499999999996,5,8983.8330375856876
f,34,False,False,13,44.00000000000005,m,102.595,22,"[8704.0, 8734.0, 8747.0, 8762.0, 8793.0, 8815.0, 8823.0, 8832.0, 8918.0, 8807.0, 8806.0, 8825.0, 8835.0, 8830.0, 8836.0, 8818.0, 8825.0, 8811.0, 8801.0, 8805.0, 8794.0, 8812.0, 8802.0, 8872.0, 8632.0, 8571.0, 8646.0, 8706.0, 8719.0, 8751.0, 8768.0, 8791.0, 8806.0, 8838.0, 8872.0, 8887.0, 8906.0, 8918.0, 8931.0, 8921.0, 8928.0, 8921.0, 8725.0, 8740.0, 8752.0, 8777.0, 8776.0, 8781.0, 8775.0, 8757.0, 8753.0, 8673.0, 8642.0, 8670.0, 8671.0, 8662.0, 8669.0, 8674.0, 8692.0, 8702.0]",2.0000000000000027,8780.1666666666661,5,8983.8330375856876
f,34,False,False,13,46.00000000000005,m,112.855,23,"[8707.0, 8720.0, 8735.0, 8754.0, 8765.0, 8775.0, 8777.0, 8777.0, 8776.0, 8766.0, 8755.0, 8754.0, 8771.0, 8513.0, 8509.0, 8526.0, 8529.0, 8552.0, 8667.0, 8621.0, 8619.0, 8600.0, 8597.0, 8569.0, 8570.0, 8585.0, 8615.0, 8619.0, 8628.0, 8676.0, 8689.0, 8717.0, 8741.0, 8749.0, 8755.0, 8762.0, 8762.0, 8756.0, 8763.0, 8750.0, 8729.0, 8746.0, 8531.0, 8484.0, 8513.0, 8515.0, 8499.0, 8501.0, 8497.0, 8475.0, 8426.0, 8400.0, 8358.0, 8340.0, 8316.0, 8310.0, 8299.0, 8308.0, 8308.0, 8306.0]",2.0000000000000027,8602.2000000000007,5,8983.8330375856876
f,34,False,False,16,48.00000000000005,m,124.141,24,"[8305.0, 8324.0, 8342.0, 8355.0, 8392.0, 8411.0, 8396.0, 8428.0, 8434.0, 8419.0, 8438.0, 8257.0, 8294.0, 8285.0, 8314.0, 8338.0, 8341.0, 8346.0, 8363.0, 8333.0, 8341.0, 8338.0, 8239.0, 8259.0, 8288.0, 8464.0, 8478.0, 8495.0, 8505.0, 8540.0, 8581.0, 8570.0, 8601.0, 8609.0, 8627.0, 8656.0, 8672.0, 8679.0, 8444.0, 8454.0, 8457.0, 8457.0, 8468.0, 0.0, 0.0, 6270.0, 8352.0, 8503.0, 8531.0, 8541.0, 8543.0, 8561.0, 8596.0, 8608.0, 8626.0, 8621.0, 8612.0, 8598.0, 8612.0, 8597.0]",2.0000000000000027,8141.8000000000002,5,8983.8330375856876
f,34,False,False,20,50.00000000000005,m,136.555,25,"[8603.0, 8345.0, 8346.0, 8376.0, 8390.0, 8399.0, 8488.0, 8506.0, 8508.0, 8534.0, 8562.0, 8553.0, 8568.0, 8582.0, 8577.0, 8571.0, 8583.0, 8582.0, 8585.0, 8601.0, 8607.0, 8612.0, 8627.0, 8647.0, 8542.0, 8560.0, 8815.0, 8821.0, 8807.0, 8810.0, 8832.0, 8846.0, 8827.0, 8839.0, 8842.0, 8842.0, 8864.0, 8726.0, 8727.0, 8746.0, 8716.0, 8720.0, 8721.0, 8730.0, 8718.0, 8719.0, 8704.0, 8692.0, 8696.0, 8684.0, 8697.0, 8702.0, 8696.0, 8685.0, 8709.0, 8748.0, 8778.0, 8772.0, 8723.0, 8649.0]",2.0000000000000027,8657.6166666666668,5,8983.8330375856876
f,34,False,False,23,52.00000000000005,m,150.211,26,"[8599.0, 8533.0, 8500.0, 8459.0, 8384.0, 8378.0, 8368.0, 8367.0, 8360.0, 8348.0, 8363.0, 8398.0, 8392.0, 8407.0, 8414.0, 8461.0, 8237.0, 8259.0, 8268.0, 8298.0, 8292.0, 8314.0, 8296.0, 8413.0, 8402.0, 8393.0, 8376.0, 8457.0, 8391.0, 8378.0, 8379.0, 8372.0, 8373.0, 8360.0, 8337.0, 8247.0, 8233.0, 7939.0, 7961.0, 8014.0, 7999.0, 8047.0, 8051.0, 8072.0, 8086.0, 8118.0, 8123.0, 8136.0, 8139.0, 8150.0, 8141.0, 8342.0, 8366.0, 8349.0, 8335.0, 8348.0, 8335.0, 8325.0, 8323.0, 8277.0]",2.0000000000000027,8296.3666666666668,5,8983.8330375856876
f,34,False,False,23,54.00000000000005,m,165.232,27,"[8261.0, 8256.0, 8216.0, 8186.0, 8141.0, 8084.0, 8002.0, 7964.0, 7897.0, 7832.0, 7716.0, 7677.0, 7682.0, 7671.0, 7652.0, 7632.0, 7618.0, 7626.0, 7618.0, 7640.0, 7631.0, 7643.0, 7686.0, 7659.0, 7610.0, 7663.0, 7663.0, 7691.0, 7731.0, 7746.0, 7795.0, 7824.0, 7850.0, 7890.0, 7924.0, 7930.0, 7974.0, 7989.0, 8024.0, 8039.0, 8065.0, 8087.0, 8095.0, 8088.0, 8080.0, 8068.0, 8059.0, 8062.0, 7932.0, 7943.0, 7961.0, 7953.0, 7951.0, 7957.0, 7956.0, 7960.0, 7957.0, 7960.0, 7954.0, 7971.0]",2.0000000000000027,7889.8666666666668,5,8983.8330375856876
f,34,False,False,27,56.00000000000005,m,181.755,28,"[7960.0, 7948.0, 7917.0, 7891.0, 7903.0, 7931.0, 7947.0, 7986.0, 8035.0, 8049.0, 8135.0, 8159.0, 8184.0, 8210.0, 8213.0, 8252.0, 8267.0, 8268.0, 6542.0, 0.0, 2717.0, 7224.0, 8273.0, 8279.0, 8261.0, 8251.0, 8258.0, 8227.0, 8222.0, 8223.0, 8231.0, 8258.0, 8010.0, 7978.0, 8003.0, 8004.0, 7990.0, 7962.0, 7970.0, 7957.0, 7969.0, 8207.0, 8221.0, 8231.0, 8225.0, 8201.0, 8192.0, 8186.0, 8198.0, 8192.0, 8180.0, 8181.0, 8189.0, 8198.0, 8199.0, 8213.0, 8209.0, 8211.0, 8214.0, 8235.0]",2.0000000000000027,7865.7666666666664,5,8983.8330375856876
f,34,False,False,27,58.00000000000005,m,199.931,29,"[8232.0, 8236.0, 8246.0, 8229.0, 8246.0, 8255.0, 8264.0, 8265.0, 8289.0, 8122.0, 8181.0, 8163.0, 8149.0, 8122.0, 8089.0, 8044.0, 8018.0, 7973.0, 7952.0, 7937.0, 7940.0, 7931.0, 7926.0, 7950.0, 7947.0, 7877.0, 7890.0, 7878.0, 7896.0, 7924.0, 7944.0, 7957.0, 7998.0, 8010.0, 8040.0, 8056.0, 8069.0, 8112.0, 8130.0, 8136.0, 8171.0, 8197.0, 8223.0, 8214.0, 8288.0, 8323.0, 8329.0, 8347.0, 8364.0, 8374.0, 8386.0, 8402.0, 8420.0, 8451.0, 8443.0, 8459.0, 8312.0, 8335.0, 8305.0, 8341.0]",2.0000000000000027,8155.1166666666668,5,8983.8330375856876
f,34,False,False,30,60.00000000000005,m,219.924,30,"[8360.0, 8380.0, 8397.0, 8415.0, 8427.0, 8458.0, 8473.0, 8245.0, 8129.0, 8081.0, 7981.0, 7654.0, 7598.0, 7602.0, 7587.0, 7733.0, 7841.0, 7819.0, 7825.0, 7811.0, 7806.0, 7813.0, 7813.0, 7848.0, 7851.0, 7876.0, 7882.0, 7915.0, 8035.0, 8348.0, 8244.0, 8230.0, 8250.0, 8271.0, 8308.0, 8329.0, 8354.0, 8494.0, 8138.0, 8134.0, 8138.0, 8149.0, 8138.0, 8167.0, 8216.0, 8249.0, 8278.0, 8314.0, 8343.0, 8338.0, 8361.0, 8362.0, 8372.0, 8378.0, 8389.0, 8394.0, 8399.0, 8408.0, 8412.0, 8412.0]",2.0000000000000027,8149.5333333333338,5,8983.8330375856876
f,34,False,False,30,62.00000000000005,m,241.916,31,"[8438.0, 8436.0, 8440.0, 8443.0, 8455.0, 8462.0, 8490.0, 8470.0, 8485.0, 8484.0, 8489.0, 8477.0, 8478.0, 8485.0, 8480.0, 8477.0, 8474.0, 8461.0, 8463.0, 8453.0, 8439.0, 8436.0, 8415.0, 8395.0, 8380.0, 8373.0, 8362.0, 8340.0, 8342.0, 8338.0, 8339.0, 8340.0, 8342.0, 8354.0, 8362.0, 8366.0, 8373.0, 8370.0, 8367.0, 8357.0, 8358.0, 8354.0, 8338.0, 8333.0, 8327.0, 8335.0, 8343.0, 8349.0, 8362.0, 8345.0, 8336.0, 8326.0, 8319.0, 8308.0, 8302.0, 8314.0, 8307.0, 8309.0, 8320.0, 8329.0]",2.0000000000000027,8389.0666666666675,5,8983.8330375856876
f,34,False,False,33,64.00000000000006,m,266.108,32,"[8331.0, 8336.0, 8348.0, 8360.0, 8350.0, 8367.0, 8357.0, 8368.0, 8372.0, 8373.0, 8405.0, 8395.0, 8411.0, 8419.0, 8286.0, 8297.0, 8314.0, 8345.0, 8534.0, 8606.0, 8609.0, 8610.0, 8612.0, 8632.0, 8623.0, 8673.0, 8529.0, 8478.0, 8481.0, 8466.0, 8446.0, 8414.0, 8421.0, 8406.0, 8397.0, 8371.0, 8356.0, 8362.0, 8355.0, 8352.0, 8375.0, 8239.0, 8237.0, 8248.0, 8493.0, 8478.0, 8487.0, 8480.0, 8474.0, 8457.0, 8462.0, 8473.0, 8483.0, 8476.0, 8482.0, 8477.0, 8154.0, 8122.0, 8110.0, 8121.0]",2.0000000000000027,8408.25,5,8983.8330375856876
f,34,False,False,33,66.00000000000006,m,292.719,33,"[8115.0, 8117.0, 8110.0, 8128.0, 8171.0, 8174.0, 8180.0, 8192.0, 8189.0, 8188.0, 8168.0, 8197.0, 8130.0, 8111.0, 8105.0, 8114.0, 8109.0, 8086.0, 8095.0, 8092.0, 8102.0, 8074.0, 8086.0, 8070.0, 8050.0, 8016.0, 7999.0, 7985.0, 7977.0, 7962.0, 7943.0, 7940.0, 7943.0, 7926.0, 7936.0, 7922.0, 7926.0, 7913.0, 7905.0, 7893.0, 7901.0, 7876.0, 7864.0, 7842.0, 7818.0, 7797.0, 7781.0, 7661.0, 7645.0, 7628.0, 7610.0, 7605.0, 7596.0, 7593.0, 7585.0, 7588.0, 7586.0, 7596.0, 7606.0, 7629.0]",2.0000000000000027,7935.7666666666664,5,8983.8330375856876
f,34,False,False,33,68.00000000000006,m,321.991,34,"[7634.0, 7667.0, 7700.0, 7719.0, 7743.0, 7785.0, 7807.0, 7843.0, 7874.0, 7879.0, 7918.0, 7928.0, 7936.0, 7937.0, 7945.0, 7945.0, 7946.0, 7938.0, 7951.0, 7937.0, 7934.0, 7925.0, 7915.0, 7921.0, 7925.0, 7932.0, 7929.0, 7926.0, 7923.0, 7916.0, 7922.0, 7877.0, 7848.0, 7817.0, 7786.0, 7763.0, 7752.0, 7724.0, 7697.0, 7677.0, 7648.0, 7644.0, 7650.0, 7667.0, 7661.0, 7678.0, 7668.0, 7693.0, 7702.0, 7701.0, 7705.0, 7692.0, 7677.0, 7648.0, 7623.0, 7596.0, 7555.0, 7524.0, 7516.0, 7490.0]",2.0000000000000027,7781.3166666666666,5,8983.8330375856876
f,34,False,False,36,70.00000000000006,m,354.19,35,"[7484.0, 7462.0, 7447.0, 7435.0, 7438.0, 7432.0, 7419.0, 7414.0, 7413.0, 7416.0, 7417.0, 7417.0, 7431.0, 7433.0, 7423.0, 7439.0, 7456.0, 7456.0, 7472.0, 7470.0, 7502.0, 7505.0, 7529.0, 7544.0, 7558.0, 7930.0, 7932.0, 7940.0, 7959.0, 7977.0, 7989.0, 8009.0, 8026.0, 8023.0, 8022.0, 8006.0, 8026.0, 8030.0, 8036.0, 7960.0, 7918.0, 7910.0, 7909.0, 7819.0, 8204.0, 8226.0, 8235.0, 8236.0, 8234.0, 8225.0, 8223.0, 8218.0, 8229.0, 8252.0, 8244.0, 8145.0, 8160.0, 8173.0, 8188.0, 8196.0]",2.0000000000000027,7820.3500000000004,5,8983.8330375856876
f,34,False,False,36,72.00000000000006,m,389.609,36,"[8207.0, 8211.0, 8222.0, 8225.0, 8217.0, 8227.0, 8231.0, 8218.0, 8191.0, 8188.0, 8160.0, 8155.0, 8142.0, 8144.0, 8134.0, 8130.0, 8096.0, 8055.0, 8055.0, 8067.0, 8078.0, 8085.0, 8073.0, 8078.0, 8080.0, 8085.0, 8060.0, 8052.0, 8050.0, 8018.0, 8016.0, 8013.0, 8012.0, 8031.0, 8035.0, 8035.0, 8066.0, 8102.0, 8109.0, 8123.0, 8131.0, 8129.0, 8134.0, 8133.0, 8101.0, 8087.0, 8068.0, 8034.0, 8012.0, 7980.0, 7943.0, 7934.0, 7909.0, 7896.0, 7869.0, 7834.0, 7794.0, 7758.0, 7716.0, 7686.0]",2.0000000000000027,8060.3999999999996,5,8983.8330375856876
f,34,False,False,36,74.00000000000006,m,428.57,37,"[7638.0, 7604.0, 7678.0, 7602.0, 7570.0, 7511.0, 7470.0, 7439.0, 7379.0, 7343.0, 7283.0, 7234.0, 7164.0, 7106.0, 7061.0, 7021.0, 7012.0, 6999.0, 6996.0, 6987.0, 6990.0, 7016.0, 6994.0, 7023.0, 7048.0, 7071.0, 7072.0, 7111.0, 7128.0, 7160.0, 7189.0, 7225.0, 7264.0, 7297.0, 7352.0, 7387.0, 7428.0, 7452.0, 7487.0, 7537.0, 7578.0, 7577.0, 7587.0, 7591.0, 7579.0, 7589.0, 7581.0, 7589.0, 7573.0, 7585.0, 7575.0, 7575.0, 7555.0, 7572.0, 7556.0, 7542.0, 7541.0, 7535.0, 7510.0, 7492.0]",2.0000000000000027,7360.166666666667,5,8983.8330375856876
f,34,False,False,36,76.00000000000006,m,471.427,38,"[7475.0, 7463.0, 7418.0, 7406.0, 7404.0, 7379.0, 7384.0, 7361.0, 7342.0, 7330.0, 7320.0, 7311.0, 7318.0, 7314.0, 7328.0, 7337.0, 7350.0, 7372.0, 7382.0, 7384.0, 7357.0, 7349.0, 7341.0, 7350.0, 7318.0, 7338.0, 7321.0, 7322.0, 7328.0, 7339.0, 7355.0, 7355.0, 7376.0, 7402.0, 7418.0, 7436.0, 7469.0, 7507.0, 7523.0, 7562.0, 7597.0, 7611.0, 7646.0, 7691.0, 7715.0, 7727.0, 7738.0, 7768.0, 7764.0, 7790.0, 7760.0, 7784.0, 7773.0, 7771.0, 7780.0, 7773.0, 7753.0, 7744.0, 7733.0, 7727.0]",2.0000000000000027,7496.4833333333336,5,8983.8330375856876
f,34,False,False,36,78.00000000000006,m,518.57,39,"[7739.0, 7720.0, 7709.0, 7727.0, 7723.0, 7712.0, 7703.0, 7705.0, 7687.0, 7677.0, 7637.0, 7609.0, 7582.0, 7556.0, 7542.0, 7528.0, 7505.0, 7493.0, 7483.0, 7482.0, 7486.0, 7490.0, 7536.0, 7440.0, 7443.0, 7442.0, 7420.0, 7435.0, 7434.0, 7420.0, 7415.0, 7354.0, 7341.0, 7296.0, 7259.0, 7227.0, 7213.0, 7176.0, 7144.0, 7106.0, 7089.0, 7064.0, 7031.0, 7007.0, 7011.0, 6996.0, 6975.0, 6967.0, 6958.0, 6946.0, 6948.0, 6947.0, 6917.0, 6910.0, 6922.0, 6903.0, 6908.0, 6895.0, 6903.0, 6896.0]",2.0000000000000027,7313.1499999999996,5,8983.8330375856876
f,34,False,False,37,80.00000000000006,m,570.427,40,"[6888.0, 6881.0, 7386.0, 7426.0, 7440.0, 7471.0, 7485.0, 7488.0, 7485.0, 7505.0, 7514.0, 7528.0, 7543.0, 7541.0, 7552.0, 7557.0, 7554.0, 7526.0, 7510.0, 7494.0, 7481.0, 7486.0, 7466.0, 7457.0, 7445.0, 7465.0, 7448.0, 7458.0, 7461.0, 7494.0, 7498.0, 7516.0, 7522.0, 7541.0, 7558.0, 7581.0, 7594.0, 7598.0, 7589.0, 7613.0, 7621.0, 7632.0, 7638.0, 7649.0, 7671.0, 7675.0, 7696.0, 7711.0, 7718.0, 7723.0, 7730.0, 7725.0, 7738.0, 7727.0, 7750.0, 7758.0, 7746.0, 7775.0, 7790.0, 7796.0]",2.0000000000000027,7555.2333333333336,5,8983.8330375856876
f,34,False,False,37,82.00000000000006,m,627.47,41,"[7808.0, 7808.0, 7818.0, 7832.0, 7826.0, 7835.0, 7831.0, 7830.0, 7839.0, 7848.0, 7847.0, 7854.0, 7842.0, 7859.0, 7838.0, 7863.0, 7849.0, 7835.0, 7810.0, 7780.0, 7759.0, 7733.0, 7706.0, 7696.0, 7698.0, 7674.0, 7650.0, 7645.0, 7637.0, 7635.0, 7618.0, 7606.0, 7598.0, 7599.0, 7587.0, 7598.0, 7598.0, 7585.0, 7600.0, 7594.0, 7589.0, 7600.0, 7623.0, 7608.0, 7604.0, 7613.0, 7600.0, 7565.0, 7545.0, 7522.0, 7508.0, 7497.0, 7509.0, 7507.0, 7500.0, 7511.0, 7515.0, 7522.0, 7531.0, 7551.0]",2.0000000000000027,7674.8000000000002,5,8983.8330375856876
f,34,False,False,37,84.00000000000006,m,690.217,42,"[7555.0, 7579.0, 7597.0, 7614.0, 7619.0, 7626.0, 7630.0, 7658.0, 7667.0, 7679.0, 7704.0, 7700.0, 7717.0, 7769.0, 7715.0, 7734.0, 7728.0, 7721.0, 7710.0, 7695.0, 7675.0, 7679.0, 7686.0, 7665.0, 7652.0, 7635.0, 7621.0, 7591.0, 7588.0, 7563.0, 7532.0, 7522.0, 7528.0, 7476.0, 7483.0, 7496.0, 7508.0, 7531.0, 7532.0, 7530.0, 7529.0, 7543.0, 7537.0, 7538.0, 7536.0, 7546.0, 7552.0, 7559.0, 7567.0, 7597.0, 7601.0, 7607.0, 7625.0, 7647.0, 7653.0, 7823.0, 7790.0, 7793.0, 7796.0, 7793.0]",2.0000000000000027,7625.6999999999998,5,8983.8330375856876
f,34,False,False,37,86.00000000000006,m,759.239,43,"[7769.0, 7766.0, 7735.0, 7702.0, 7684.0, 7602.0, 7534.0, 7457.0, 7401.0, 7375.0, 7336.0, 7322.0, 7280.0, 7284.0, 7278.0, 7300.0, 7310.0, 7333.0, 7370.0, 7421.0, 7448.0, 7474.0, 7525.0, 7546.0, 7548.0, 7558.0, 7516.0, 7473.0, 7384.0, 7324.0, 7258.0, 7188.0, 7129.0, 7102.0, 7037.0, 7004.0, 6993.0, 6992.0, 6995.0, 7006.0, 7036.0, 7047.0, 7070.0, 7100.0, 7138.0, 7152.0, 7195.0, 7234.0, 7256.0, 7284.0, 7320.0, 7335.0, 7363.0, 7395.0, 7420.0, 7445.0, 7462.0, 7480.0, 7512.0, 7515.0]",2.0000000000000027,7341.9666666666662,5,8983.8330375856876
f,34,False,False,37,88.00000000000006,m,835.163,44,"[7526.0, 7546.0, 7565.0, 7577.0, 7584.0, 7569.0, 7597.0, 7615.0, 7746.0, 7727.0, 7743.0, 7744.0, 7729.0, 7711.0, 7703.0, 7692.0, 7666.0, 7654.0, 7651.0, 7626.0, 7627.0, 7605.0, 7611.0, 7621.0, 7646.0, 7645.0, 7666.0, 7695.0, 7699.0, 7723.0, 7754.0, 7764.0, 7784.0, 7790.0, 7791.0, 7806.0, 7799.0, 7809.0, 7701.0, 7684.0, 7685.0, 7688.0, 7672.0, 7664.0, 7674.0, 7660.0, 7628.0, 7630.0, 7599.0, 7622.0, 7625.0, 7604.0, 7623.0, 7625.0, 7644.0, 7647.0, 7667.0, 7671.0, 7660.0, 7677.0]",2.0000000000000027,7669.2666666666664,5,8983.8330375856876
f,34,False,False,37,90.00000000000006,m,918.679,45,"[7636.0, 7628.0, 7627.0, 7631.0, 7627.0, 7645.0, 7657.0, 7671.0, 7449.0, 7463.0, 7474.0, 7475.0, 7499.0, 7513.0, 7515.0, 7536.0, 7557.0, 7560.0, 7554.0, 7582.0, 7599.0, 7789.0, 7842.0, 7857.0, 7874.0, 7888.0, 7901.0, 7918.0, 7939.0, 7945.0, 7941.0, 7945.0, 7941.0, 7908.0, 7875.0, 7860.0, 7814.0, 7797.0, 7758.0, 7759.0, 7739.0, 7747.0, 7743.0, 7758.0, 7757.0, 7782.0, 7791.0, 7839.0, 7828.0, 7828.0, 7839.0, 7852.0, 7852.0, 7853.0, 7839.0, 7819.0, 7795.0, 7789.0, 7786.0, 7786.0]",2.0000000000000027,7741.1833333333334,5,8983.8330375856876
f,34,False,False,37,92.00000000000006,m,1010.547,46,"[7765.0, 7604.0, 7008.0, 6934.0, 7285.0, 7481.0, 7580.0, 7600.0, 7589.0, 7587.0, 7588.0, 7649.0, 7687.0, 7655.0, 7636.0, 7600.0, 7598.0, 7570.0, 7461.0, 7484.0, 7479.0, 7507.0, 7516.0, 7473.0, 7391.0, 7115.0, 0.0, 0.0, 0.0, 6716.0, 7260.0, 7578.0, 7642.0, 7621.0, 7602.0, 7591.0, 7584.0, 7566.0, 7543.0, 7548.0, 7522.0, 7518.0, 7486.0, 7472.0, 7452.0, 7435.0, 7417.0, 7393.0, 7381.0, 7352.0, 7344.0, 7328.0, 7309.0, 7299.0, 7285.0, 7240.0, 7211.0, 7189.0, 7160.0, 7159.0]",2.0000000000000027,7067.416666666667,5,8983.8330375856876
f,34,False,False,42,94.00000000000006,m,1111.602,47,"[7153.0, 7127.0, 7142.0, 7130.0, 7131.0, 7137.0, 7156.0, 7717.0, 7737.0, 7758.0, 7789.0, 7747.0, 7875.0, 7878.0, 7867.0, 7893.0, 7868.0, 7875.0, 7872.0, 7882.0, 7863.0, 7870.0, 7889.0, 7890.0, 7910.0, 7946.0, 7933.0, 7931.0, 7956.0, 7892.0, 7843.0, 7922.0, 7927.0, 7955.0, 7957.0, 7971.0, 7979.0, 8010.0, 8017.0, 8033.0, 8036.0, 7881.0, 7895.0, 7893.0, 7908.0, 7902.0, 7918.0, 7924.0, 7922.0, 7941.0, 7942.0, 7948.0, 8085.0, 8096.0, 8094.0, 8095.0, 8125.0, 8129.0, 8076.0, 7956.0]",2.0000000000000027,7836.5666666666666,5,8983.8330375856876
f,34,False,False,42,96.00000000000006,m,1222.762,48,"[7933.0, 7934.0, 7925.0, 7925.0, 7927.0, 7940.0, 7936.0, 7922.0, 7938.0, 7940.0, 7947.0, 7946.0, 7950.0, 7953.0, 7944.0, 7954.0, 7962.0, 7973.0, 8000.0, 7988.0, 8003.0, 8022.0, 8016.0, 8036.0, 8046.0, 8041.0, 8050.0, 8057.0, 8064.0, 8053.0, 8080.0, 8094.0, 8092.0, 8102.0, 8104.0, 8105.0, 8097.0, 8105.0, 8019.0, 7963.0, 7977.0, 7991.0, 7991.0, 7983.0, 7989.0, 7965.0, 7970.0, 7922.0, 7920.0, 7908.0, 7905.0, 7904.0, 7894.0, 7907.0, 7905.0, 7920.0, 7900.0, 7899.0, 7915.0, 7918.0]",2.0000000000000027,7979.4833333333336,5,8983.8330375856876
f,34,False,False,42,98.00000000000006,m,1345.038,49,"[7919.0, 7921.0, 7929.0, 7928.0, 7938.0, 7953.0, 7931.0, 2016.0, 0.0, 7012.0, 7961.0, 7995.0, 8014.0, 8028.0, 8033.0, 8036.0, 8043.0, 8036.0, 8050.0, 8038.0, 8050.0, 8050.0, 8046.0, 8044.0, 8034.0, 8030.0, 8048.0, 8055.0, 8062.0, 8041.0, 8046.0, 8168.0, 8194.0, 8195.0, 8184.0, 8153.0, 8079.0, 8010.0, 7929.0, 7846.0, 7784.0, 7730.0, 7695.0, 7652.0, 7607.0, 7605.0, 7588.0, 7597.0, 7591.0, 7603.0, 7613.0, 7632.0, 7640.0, 7655.0, 7671.0, 7677.0, 7700.0, 7671.0, 4243.0, 0.0]",2.0000000000000027,7466.6499999999996,5,8983.8330375856876
f,34,False,False,42,100.00000000000006,m,1479.542,50,"[5299.0, 7464.0, 7640.0, 7679.0, 7700.0, 7721.0, 7758.0, 7765.0, 7791.0, 7795.0, 7795.0, 7827.0, 7843.0, 7873.0, 7891.0, 7910.0, 7918.0, 7931.0, 7949.0, 7953.0, 7943.0, 7944.0, 7965.0, 7963.0, 7967.0, 7974.0, 7978.0, 7970.0, 7658.0, 0.0, 7305.0, 7777.0, 7806.0, 7830.0, 7847.0, 7848.0, 7853.0, 7863.0, 7875.0, 7870.0, 7866.0, 5238.0, 0.0, 0.0, 6711.0, 7945.0, 7928.0, 7955.0, 7997.0, 8006.0, 8009.0, 8054.0, 8049.0, 8063.0, 8073.0, 8089.0, 8086.0, 8094.0, 8108.0, 8114.0]",2.0000000000000027,7385.3833333333332,5,8983.8330375856876
f,34,False,False,42,102.00000000000006,m,1627.496,51,"[8116.0, 8130.0, 8124.0, 8117.0, 8124.0, 8121.0, 8121.0, 8123.0, 8121.0, 8130.0, 8099.0, 8096.0, 8058.0, 8100.0, 7905.0, 7866.0, 7856.0, 7865.0, 7850.0, 7844.0, 7748.0, 7702.0, 7664.0, 7684.0, 7690.0, 7690.0, 7690.0, 7705.0, 7707.0, 7718.0, 7706.0, 7711.0, 7718.0, 7730.0, 7898.0, 7943.0, 7957.0, 7969.0, 7967.0, 7977.0, 7967.0, 7962.0, 0.0, 0.0, 2631.0, 7026.0, 7746.0, 7765.0, 7781.0, 7790.0, 7776.0, 7785.0, 7786.0, 7775.0, 7786.0, 7777.0, 7835.0, 7800.0, 7777.0, 7794.0]",2.0000000000000027,7514.9833333333336,5,8983.8330375856876
f,34,False,False,42,104.00000000000006,m,1790.246,52,"[7783.0, 7791.0, 7786.0, 7801.0, 7833.0, 7786.0, 7832.0, 7824.0, 7824.0, 7793.0, 7812.0, 7809.0, 7814.0, 7796.0, 7748.0, 7723.0, 7658.0, 7614.0, 7548.0, 7602.0, 7460.0, 7455.0, 7442.0, 7422.0, 7419.0, 7403.0, 7370.0, 7361.0, 7361.0, 7347.0, 7357.0, 7398.0, 7459.0, 7464.0, 7474.0, 7508.0, 7517.0, 7547.0, 7582.0, 7606.0, 7632.0, 7764.0, 7814.0, 7821.0, 7844.0, 7855.0, 7884.0, 7882.0, 7900.0, 7878.0, 7930.0, 7923.0, 7884.0, 4139.0, 5307.0, 7759.0, 7887.0, 7930.0, 7958.0, 7990.0]",2.0000000000000027,7585.166666666667,5,8983.8330375856876
f,34,False,False,42,106.00000000000006,m,1969.271,53,"[8020.0, 8038.0, 8047.0, 8064.0, 8052.0, 7774.0, 0.0, 0.0, 6929.0, 8096.0, 8068.0, 8093.0, 8099.0, 8106.0, 8083.0, 8067.0, 8049.0, 8034.0, 8025.0, 8026.0, 7957.0, 7936.0, 7932.0, 7934.0, 7948.0, 7945.0, 7936.0, 7938.0, 7922.0, 7922.0, 7909.0, 7894.0, 7874.0, 7880.0, 7856.0, 7861.0, 7836.0, 7842.0, 7836.0, 7849.0, 7852.0, 7851.0, 7848.0, 7847.0, 7868.0, 7856.0, 7871.0, 7857.0, 7873.0, 7851.0, 7880.0, 7874.0, 7877.0, 7873.0, 7876.0, 7878.0, 7888.0, 7898.0, 7882.0, 7898.0]",2.0000000000000027,7651.25,5,8983.8330375856876
f,34,False,False,42,108.00000000000006,m,2166.198,54,"[7901.0, 7916.0, 7916.0, 7944.0, 7966.0, 7990.0, 8046.0, 8106.0, 8117.0, 8134.0, 8132.0, 8166.0, 8176.0, 8187.0, 8189.0, 8202.0, 8194.0, 8193.0, 8199.0, 8224.0, 8230.0, 8241.0, 8253.0, 8273.0, 8293.0, 8312.0, 8321.0, 8320.0, 8331.0, 8334.0, 8338.0, 8322.0, 8319.0, 8282.0, 8279.0, 8271.0, 8281.0, 8264.0, 8260.0, 8285.0, 8085.0, 8039.0, 8006.0, 8030.0, 8036.0, 8062.0, 8086.0, 8063.0, 8060.0, 8066.0, 8056.0, 8040.0, 8042.0, 8038.0, 8032.0, 7992.0, 8042.0, 8049.0, 8066.0, 8081.0]",2.0000000000000027,8144.6333333333332,5,8983.8330375856876
f,34,False,False,42,110.00000000000006,m,2382.818,55,"[8100.0, 8116.0, 8094.0, 8033.0, 7947.0, 7830.0, 7670.0, 7558.0, 7448.0, 7385.0, 7313.0, 7253.0, 7209.0, 7151.0, 7075.0, 7042.0, 6977.0, 6934.0, 6892.0, 6880.0, 6852.0, 6850.0, 6819.0, 6816.0, 0.0, 0.0, 5141.0, 6886.0, 6883.0, 6926.0, 6974.0, 7004.0, 7043.0, 7065.0, 7114.0, 7164.0, 7239.0, 7276.0, 7292.0, 7299.0, 7305.0, 7288.0, 7284.0, 7261.0, 7249.0, 7247.0, 7254.0, 7248.0, 7256.0, 7257.0, 7260.0, 7273.0, 7254.0, 7236.0, 7221.0, 7197.0, 7171.0, 7169.0, 7154.0, 7194.0]",2.0000000000000027,6972.1333333333332,5,8983.8330375856876
f,34,False,False,42,112.00000000000006,m,2621.1,56,"[7276.0, 7326.0, 7327.0, 7323.0, 7342.0, 7341.0, 7368.0, 7374.0, 7479.0, 7431.0, 7475.0, 7473.0, 7506.0, 7536.0, 7564.0, 7587.0, 7615.0, 7636.0, 7665.0, 7670.0, 7708.0, 7718.0, 7759.0, 7761.0, 7781.0, 7798.0, 7805.0, 7830.0, 7923.0, 7769.0, 7730.0, 7763.0, 7766.0, 7779.0, 7782.0, 7787.0, 7783.0, 7784.0, 7793.0, 7804.0, 7748.0, 0.0, 0.0, 6333.0, 7775.0, 7846.0, 7895.0, 7930.0, 7946.0, 7949.0, 7986.0, 8010.0, 8015.0, 8016.0, 8048.0, 7999.0, 7925.0, 7898.0, 7890.0, 7882.0]",2.0000000000000027,7433.8000000000002,5,8983.8330375856876
f,34,False,False,42,114.00000000000006,m,2883.21,57,"[7852.0, 7829.0, 7840.0, 7817.0, 7852.0, 7852.0, 7853.0, 7833.0, 7837.0, 7839.0, 7841.0, 7855.0, 7849.0, 7854.0, 7852.0, 7847.0, 7870.0, 7879.0, 7903.0, 7920.0, 7948.0, 7961.0, 7996.0, 8000.0, 8025.0, 8049.0, 8055.0, 8068.0, 8086.0, 8098.0, 8097.0, 8087.0, 8092.0, 8088.0, 8212.0, 8275.0, 8240.0, 8248.0, 8252.0, 8262.0, 8261.0, 8262.0, 8266.0, 8255.0, 8262.0, 8242.0, 8288.0, 8269.0, 8257.0, 8245.0, 8247.0, 8231.0, 8231.0, 8234.0, 8211.0, 8230.0, 8217.0, 5802.0, 0.0, 6194.0]",2.0000000000000027,7856.9499999999998,5,8983.8330375856876
f,34,False,False,42,116.00000000000006,m,3171.531,58,"[8096.0, 8104.0, 8140.0, 8079.0, 8148.0, 8152.0, 8157.0, 8144.0, 8130.0, 8102.0, 8079.0, 8059.0, 8021.0, 7973.0, 7942.0, 7928.0, 7919.0, 7907.0, 7895.0, 7905.0, 7911.0, 7919.0, 7934.0, 7951.0, 7940.0, 7952.0, 7982.0, 7976.0, 7982.0, 7987.0, 7979.0, 7976.0, 7999.0, 8019.0, 8027.0, 8041.0, 8064.0, 8079.0, 8120.0, 8164.0, 8196.0, 8195.0, 8183.0, 8176.0, 8212.0, 8216.0, 8234.0, 8145.0, 0.0, 0.0, 0.0, 5680.0, 7815.0, 8113.0, 8193.0, 8207.0, 8232.0, 8236.0, 8238.0, 8264.0]",2.0000000000000027,7623.6166666666668,5,8983.8330375856876
f,34,False,False,42,118.00000000000006,m,3488.684,59,"[8276.0, 8297.0, 8298.0, 8295.0, 8329.0, 8340.0, 8341.0, 8322.0, 8317.0, 8311.0, 8314.0, 8216.0, 7978.0, 7925.0, 7902.0, 7930.0, 7930.0, 7927.0, 7902.0, 7890.0, 7859.0, 7849.0, 7868.0, 7749.0, 7749.0, 7736.0, 7709.0, 7718.0, 7694.0, 7707.0, 7690.0, 7656.0, 7606.0, 7545.0, 7492.0, 7485.0, 7423.0, 7369.0, 7338.0, 7315.0, 7284.0, 7274.0, 7262.0, 7252.0, 7242.0, 7243.0, 7243.0, 7273.0, 7308.0, 7321.0, 7349.0, 7365.0, 7394.0, 7422.0, 7443.0, 7461.0, 7602.0, 6333.0, 7483.0, 7562.0]",2.0000000000000027,7695.2166666666662,5,8983.8330375856876
f,34,False,False,42,120.00000000000006,m,3837.552,60,"[7621.0, 7648.0, 7659.0, 7707.0, 7666.0, 7687.0, 7709.0, 7721.0, 7689.0, 0.0, 0.0, 6041.0, 7748.0, 7786.0, 7845.0, 7860.0, 7882.0, 7900.0, 7904.0, 7927.0, 7945.0, 8036.0, 8023.0, 8041.0, 8046.0, 8024.0, 8034.0, 8041.0, 8070.0, 8075.0, 8077.0, 8080.0, 8087.0, 8108.0, 8129.0, 8143.0, 8145.0, 8156.0, 8156.0, 8175.0, 8099.0, 8072.0, 8087.0, 8112.0, 8132.0, 8126.0, 8126.0, 8283.0, 8342.0, 8323.0, 8346.0, 8364.0, 8365.0, 8364.0, 8365.0, 8358.0, 8354.0, 8343.0, 8336.0, 8307.0]",2.0000000000000027,7746.583333333333,5,8983.8330375856876
f,34,False,False,42,122.00000000000006,m,4221.307,61,"[8313.0, 8297.0, 8278.0, 8281.0, 8266.0, 8256.0, 8264.0, 8257.0, 8274.0, 8258.0, 8279.0, 8286.0, 8277.0, 8308.0, 8319.0, 8324.0, 8312.0, 8298.0, 8308.0, 8296.0, 8286.0, 8294.0, 8272.0, 8267.0, 8252.0, 8234.0, 8240.0, 8227.0, 8223.0, 8218.0, 8205.0, 8184.0, 8191.0, 8170.0, 8162.0, 8138.0, 8122.0, 8101.0, 8090.0, 8096.0, 8101.0, 8083.0, 7096.0, 0.0, 5355.0, 7763.0, 7854.0, 7892.0, 7898.0, 7908.0, 7909.0, 7908.0, 7899.0, 7883.0, 7879.0, 7858.0, 7843.0, 7809.0, 7826.0, 7615.0]",2.0000000000000027,7935.0333333333338,5,8983.8330375856876
f,34,False,False,42,124.00000000000006,m,4643.438,62,"[7599.0, 7596.0, 7595.0, 7614.0, 7629.0, 7639.0, 7652.0, 7665.0, 7673.0, 7683.0, 7671.0, 7685.0, 7787.0, 7822.0, 7837.0, 7831.0, 7813.0, 7831.0, 7842.0, 7750.0, 0.0, 0.0, 7126.0, 7840.0, 7898.0, 7926.0, 7981.0, 7901.0, 0.0, 0.0, 6296.0, 8013.0, 8044.0, 8093.0, 8117.0, 7955.0, 0.0, 0.0, 0.0, 6976.0, 8172.0, 8227.0, 8284.0, 8291.0, 8308.0, 8309.0, 8323.0, 8309.0, 5576.0, 0.0, 0.0, 6122.0, 7984.0, 8000.0, 8020.0, 8037.0, 8056.0, 8222.0, 8219.0, 8204.0]",2.0000000000000027,6617.3833333333332,5,8983.8330375856876
f,34,False,False,42,126.00000000000006,m,5107.782,63,"[8204.0, 8232.0, 8254.0, 8238.0, 8263.0, 8262.0, 8238.0, 8219.0, 8208.0, 8167.0, 8132.0, 8098.0, 8081.0, 8078.0, 8065.0, 8078.0, 8089.0, 8137.0, 8204.0, 8219.0, 8207.0, 8195.0, 8184.0, 8209.0, 8211.0, 8202.0, 8189.0, 8174.0, 8175.0, 8189.0, 8232.0, 8242.0, 8265.0, 8291.0, 8299.0, 8305.0, 8292.0, 8266.0, 8215.0, 8146.0, 8065.0, 8011.0, 7971.0, 7905.0, 7834.0, 7805.0, 7776.0, 7761.0, 7755.0, 7730.0, 7758.0, 7559.0, 7500.0, 7566.0, 7575.0, 7580.0, 7577.0, 7544.0, 7520.0, 7461.0]",2.0000000000000027,8036.7833333333338,5,8983.8330375856876
f,34,False,False,42,128.00000000000006,m,5618.56,64,"[7380.0, 7358.0, 7361.0, 7362.0, 7370.0, 7367.0, 7378.0, 7403.0, 7426.0, 7517.0, 7589.0, 7650.0, 7705.0, 7750.0, 7238.0, 0.0, 5696.0, 7649.0, 7841.0, 7924.0, 7941.0, 7898.0, 0.0, 0.0, 5172.0, 7635.0, 7940.0, 8011.0, 8039.0, 8067.0, 8115.0, 8144.0, 8163.0, 8267.0, 8246.0, 8250.0, 8271.0, 8269.0, 8268.0, 8217.0, 3983.0, 0.0, 4963.0, 7673.0, 8150.0, 8195.0, 8241.0, 8279.0, 8323.0, 8326.0, 8340.0, 8312.0, 8306.0, 8324.0, 8320.0, 8319.0, 8325.0, 8306.0, 8509.0, 8388.0]",2.0000000000000027,7224.3166666666666,5,8983.8330375856876
f,34,False,False,42,130.00000000000006,m,6180.416,65,"[8199.0, 8174.0, 8127.0, 8121.0, 8109.0, 8106.0, 8105.0, 8073.0, 8027.0, 7952.0, 7897.0, 7840.0, 7794.0, 7752.0, 7728.0, 7731.0, 7754.0, 7730.0, 7753.0, 7736.0, 7725.0, 7730.0, 7743.0, 7742.0, 7760.0, 7760.0, 7761.0, 7789.0, 7792.0, 7785.0, 7746.0, 7736.0, 7745.0, 7759.0, 7760.0, 7759.0, 7820.0, 7827.0, 7843.0, 7847.0, 7855.0, 7863.0, 7866.0, 7843.0, 7815.0, 7782.0, 7725.0, 7662.0, 7636.0, 7591.0, 7533.0, 7546.0, 7507.0, 7476.0, 7438.0, 7395.0, 7376.0, 7334.0, 7336.0, 7319.0]",2.0000000000000027,7767.25,5,8983.8330375856876
f,34,False,False,42,132.00000000000006,m,6798.458,66,"[7309.0, 7321.0, 7331.0, 7322.0, 7337.0, 7357.0, 7378.0, 7412.0, 7339.0, 7348.0, 7363.0, 7404.0, 7447.0, 7428.0, 7456.0, 7459.0, 7473.0, 7469.0, 7467.0, 7437.0, 7434.0, 7412.0, 7386.0, 7369.0, 7383.0, 7396.0, 7394.0, 7406.0, 7414.0, 7426.0, 7452.0, 7516.0, 7456.0, 7539.0, 7523.0, 7535.0, 7558.0, 7537.0, 7532.0, 7520.0, 7528.0, 7518.0, 7551.0, 7601.0, 7621.0, 7608.0, 7609.0, 7615.0, 7639.0, 7655.0, 7702.0, 7748.0, 7806.0, 7815.0, 7844.0, 7881.0, 7913.0, 7943.0, 7950.0, 7980.0]",2.0000000000000027,7526.1999999999998,5,8983.8330375856876
f,34,False,False,42,134.00000000000006,m,7478.304,67,"[8014.0, 7769.0, 0.0, 0.0, 7121.0, 7837.0, 7913.0, 7961.0, 7982.0, 8011.0, 7849.0, 7845.0, 7839.0, 7852.0, 7857.0, 7861.0, 7896.0, 7995.0, 8063.0, 8053.0, 8053.0, 8068.0, 8052.0, 8057.0, 8064.0, 8060.0, 8027.0, 8020.0, 7995.0, 7962.0, 7937.0, 7968.0, 7952.0, 7931.0, 7920.0, 7917.0, 7915.0, 7904.0, 7927.0, 7923.0, 7915.0, 7921.0, 7919.0, 7930.0, 7947.0, 7956.0, 7990.0, 7996.0, 8013.0, 8035.0, 8035.0, 8057.0, 8099.0, 8096.0, 8127.0, 8211.0, 8148.0, 8215.0, 8215.0, 8208.0]",2.0000000000000027,7706.7166666666662,5,8983.8330375856876
f,34,False,False,42,136.00000000000006,m,8226.134,68,"[8209.0, 8218.0, 8247.0, 8207.0, 8178.0, 8126.0, 8105.0, 8078.0, 8083.0, 8017.0, 8063.0, 8057.0, 8066.0, 8069.0, 8092.0, 8095.0, 8103.0, 8118.0, 8140.0, 8150.0, 8160.0, 8207.0, 8203.0, 8207.0, 8178.0, 8120.0, 8121.0, 8132.0, 8119.0, 8125.0, 8148.0, 8164.0, 7861.0, 7860.0, 7848.0, 7866.0, 7868.0, 7866.0, 7862.0, 7856.0, 7879.0, 7892.0, 7878.0, 7896.0, 7895.0, 7915.0, 7917.0, 7921.0, 7946.0, 7967.0, 7887.0, 0.0, 0.0, 6530.0, 8095.0, 8141.0, 8185.0, 8217.0, 8223.0, 8232.0]",2.0000000000000027,7763.4666666666662,5,8983.8330375856876
f,34,False,False,42,138.00000000000006,m,9048.747,69,"[8236.0, 8225.0, 8237.0, 8236.0, 8240.0, 8271.0, 8278.0, 8298.0, 8310.0, 8284.0, 8334.0, 8351.0, 8367.0, 8367.0, 8387.0, 8377.0, 8385.0, 8374.0, 8360.0, 8373.0, 8538.0, 8612.0, 8648.0, 8676.0, 8664.0, 8651.0, 8632.0, 8618.0, 8627.0, 8616.0, 8602.0, 8577.0, 8559.0, 8545.0, 8530.0, 8524.0, 8519.0, 8495.0, 8484.0, 8492.0, 8458.0, 8456.0, 8513.0, 8380.0, 8354.0, 8378.0, 8386.0, 8386.0, 8380.0, 8369.0, 8362.0, 8327.0, 8309.0, 8162.0, 8119.0, 8086.0, 8072.0, 8039.0, 8004.0, 7968.0]",2.0000000000000027,8390.1166666666668,5,8983.8330375856876
f,34,False,False,42,140.00000000000006,m,9953.622,70,"[7960.0, 7923.0, 7905.0, 7885.0, 7884.0, 7862.0, 7864.0, 7841.0, 7834.0, 7822.0, 7817.0, 7809.0, 7814.0, 7816.0, 7811.0, 7815.0, 7828.0, 7808.0, 7813.0, 7817.0, 7825.0, 7732.0, 7768.0, 7761.0, 7779.0, 7771.0, 7786.0, 7797.0, 7798.0, 7829.0, 7807.0, 7790.0, 7792.0, 7809.0, 7959.0, 8035.0, 8033.0, 8039.0, 8042.0, 8039.0, 8038.0, 8064.0, 8075.0, 8077.0, 8097.0, 8100.0, 8100.0, 8107.0, 8071.0, 0.0, 0.0, 6652.0, 7941.0, 8022.0, 8052.0, 8085.0, 8115.0, 8115.0, 8114.0, 8122.0]",2.0000000000000027,7634.4333333333334,5,8983.8330375856876
f,34,False,False,42,142.00000000000006,m,10948.984,71,"[8069.0, 8021.0, 8042.0, 8057.0, 8049.0, 8079.0, 8071.0, 8065.0, 8069.0, 8158.0, 8060.0, 8089.0, 8082.0, 8094.0, 8096.0, 8104.0, 8129.0, 8127.0, 8120.0, 8124.0, 8105.0, 8083.0, 8082.0, 8146.0, 8121.0, 8123.0, 8137.0, 8150.0, 8168.0, 8183.0, 8207.0, 8222.0, 8249.0, 8266.0, 8263.0, 8265.0, 8255.0, 8192.0, 8179.0, 8179.0, 8169.0, 8166.0, 8170.0, 8161.0, 8168.0, 8186.0, 8203.0, 8203.0, 8220.0, 8217.0, 8224.0, 8226.0, 8211.0, 8205.0, 8213.0, 8301.0, 8349.0, 8366.0, 8348.0, 8347.0]",2.0000000000000027,8165.5500000000002,5,8983.8330375856876
f,34,False,False,42,144.00000000000006,m,12043.882,72,"[8355.0, 8349.0, 8369.0, 8362.0, 8340.0, 8323.0, 8290.0, 8249.0, 8216.0, 8186.0, 8127.0, 8136.0, 8096.0, 8095.0, 8079.0, 8079.0, 8071.0, 8078.0, 8094.0, 8103.0, 8104.0, 8112.0, 8111.0, 8120.0, 8133.0, 8127.0, 8122.0, 8162.0, 7942.0, 7979.0, 7959.0, 7932.0, 7924.0, 7822.0, 7819.0, 7802.0, 7743.0, 7726.0, 7689.0, 7667.0, 7669.0, 7656.0, 7655.0, 7653.0, 7662.0, 7695.0, 7637.0, 7645.0, 7679.0, 7709.0, 7745.0, 7779.0, 7830.0, 7850.0, 7883.0, 7910.0, 7932.0, 7962.0, 7989.0, 8079.0]",2.0000000000000027,7976.8500000000004,5,8983.8330375856876
f,34,False,False,42,146.00000000000006,m,13248.27,73,"[8161.0, 8159.0, 8181.0, 8175.0, 8192.0, 8165.0, 8160.0, 8149.0, 8111.0, 8132.0, 8138.0, 8141.0, 8176.0, 8190.0, 8200.0, 8217.0, 8252.0, 8260.0, 8271.0, 8310.0, 8329.0, 8345.0, 8356.0, 8379.0, 8389.0, 8386.0, 8135.0, 8098.0, 8078.0, 8078.0, 8062.0, 8034.0, 7995.0, 7978.0, 7927.0, 7940.0, 7916.0, 7914.0, 7906.0, 7899.0, 7908.0, 7919.0, 7926.0, 7935.0, 7944.0, 7980.0, 7982.0, 7962.0, 0.0, 0.0, 6765.0, 7883.0, 7936.0, 7974.0, 7994.0, 8003.0, 7990.0, 7996.0, 7998.0, 7996.0]",2.0000000000000027,7799.583333333333,5,8983.8330375856876
f,34,False,False,42,148.00000000000006,m,14573.097,74,"[8005.0, 8018.0, 8037.0, 8050.0, 8064.0, 8080.0, 8113.0, 8116.0, 8146.0, 8155.0, 8280.0, 8263.0, 8277.0, 8277.0, 8279.0, 8289.0, 8299.0, 8268.0, 8274.0, 8275.0, 8253.0, 8351.0, 8382.0, 8423.0, 8406.0, 8401.0, 8396.0, 8405.0, 8415.0, 8398.0, 8423.0, 8424.0, 8428.0, 8434.0, 8430.0, 8430.0, 8458.0, 8461.0, 8460.0, 8456.0, 8473.0, 8484.0, 8481.0, 8491.0, 8504.0, 8496.0, 8502.0, 8505.0, 8508.0, 8513.0, 8514.0, 8514.0, 8524.0, 8530.0, 8507.0, 7202.0, 0.0, 6810.0, 8431.0, 8475.0]",2.0000000000000027,8171.0500000000002,5,8983.8330375856876
f,34,False,False,42,150.00000000000006,m,16030.407,75,"[8522.0, 8526.0, 8546.0, 8557.0, 8563.0, 8559.0, 8577.0, 8586.0, 8591.0, 8587.0, 8583.0, 8595.0, 8571.0, 8578.0, 8592.0, 8605.0, 8595.0, 8599.0, 8603.0, 8621.0, 8620.0, 8626.0, 8609.0, 8594.0, 8679.0, 8661.0, 8635.0, 8614.0, 8601.0, 8588.0, 8591.0, 8573.0, 8563.0, 8574.0, 8582.0, 8553.0, 8539.0, 8543.0, 8548.0, 8547.0, 8527.0, 8477.0, 8455.0, 8333.0, 8300.0, 8293.0, 8293.0, 8299.0, 8293.0, 8302.0, 8302.0, 8297.0, 8286.0, 8248.0, 8241.0, 8209.0, 8174.0, 8156.0, 8144.0, 8133.0]",2.0000000000000027,8485.9666666666672,5,8983.8330375856876
f,34,False,False,42,152.00000000000006,m,17633.448,76,"[8134.0, 8124.0, 7972.0, 7974.0, 7969.0, 7969.0, 7985.0, 8002.0, 8021.0, 8044.0, 8042.0, 8035.0, 8039.0, 8009.0, 7980.0, 7906.0, 7871.0, 7851.0, 7818.0, 7802.0, 7800.0, 7788.0, 7798.0, 7758.0, 7733.0, 7709.0, 7635.0, 7614.0, 7620.0, 7629.0, 7651.0, 7671.0, 7680.0, 7724.0, 7680.0, 7654.0, 7694.0, 7704.0, 7716.0, 7726.0, 7725.0, 7732.0, 7725.0, 7697.0, 7663.0, 7668.0, 7660.0, 7663.0, 7670.0, 7666.0, 7672.0, 7689.0, 7704.0, 7821.0, 7830.0, 7846.0, 7864.0, 7878.0, 7881.0, 7891.0]",2.0000000000000027,7807.9333333333334,5,8983.8330375856876
f,34,False,False,42,154.00000000000006,m,19396.793,77,"[5716.0, 0.0, 4598.0, 7880.0, 8027.0, 8042.0, 8084.0, 8076.0, 8088.0, 8113.0, 8110.0, 8122.0, 8148.0, 8173.0, 8054.0, 8000.0, 7978.0, 7997.0, 7995.0, 7988.0, 7994.0, 8009.0, 8007.0, 8009.0, 8008.0, 7996.0, 7989.0, 7998.0, 8009.0, 8001.0, 8016.0, 8015.0, 8022.0, 8017.0, 8010.0, 8007.0, 8006.0, 8059.0, 8113.0, 8167.0, 8153.0, 8143.0, 8168.0, 8186.0, 8188.0, 8199.0, 8215.0, 8222.0, 8234.0, 8264.0, 8271.0, 8295.0, 8308.0, 8415.0, 8247.0, 8231.0, 8176.0, 8202.0, 8213.0, 8230.0]",2.0000000000000027,7870.0166666666664,5,8983.8330375856876
f,34,False,False,42,156.00000000000006,m,21336.472,78,"[8215.0, 8185.0, 8144.0, 8079.0, 7973.0, 7912.0, 7810.0, 7756.0, 7693.0, 7666.0, 7641.0, 7621.0, 7615.0, 7602.0, 7591.0, 7606.0, 7607.0, 7607.0, 7621.0, 7608.0, 7608.0, 7619.0, 7610.0, 7619.0, 7634.0, 7660.0, 7655.0, 7659.0, 7674.0, 7702.0, 7669.0, 7691.0, 7700.0, 7668.0, 7672.0, 7647.0, 7648.0, 7619.0, 7611.0, 7600.0, 7583.0, 7568.0, 7549.0, 7560.0, 7618.0, 7688.0, 7754.0, 7783.0, 7801.0, 7848.0, 7880.0, 7916.0, 7948.0, 7976.0, 8012.0, 8040.0, 8062.0, 8089.0, 8118.0, 8145.0]",2.0000000000000027,7757.583333333333,5,8983.8330375856876
f,34,False,False,42,158.00000000000006,m,23470.119,79,"[8172.0, 8170.0, 8189.0, 8202.0, 8265.0, 8334.0, 8335.0, 8357.0, 8359.0, 8370.0, 8371.0, 8402.0, 8391.0, 8390.0, 8387.0, 8384.0, 8384.0, 8375.0, 8373.0, 7790.0, 0.0, 0.0, 7290.0, 8339.0, 8545.0, 8491.0, 8478.0, 8495.0, 8479.0, 8469.0, 8486.0, 8509.0, 8500.0, 8478.0, 8485.0, 8492.0, 8499.0, 8503.0, 8461.0, 8403.0, 8387.0, 8412.0, 8416.0, 8382.0, 1932.0, 6771.0, 8035.0, 8037.0, 8043.0, 8036.0, 8014.0, 8009.0, 7996.0, 7975.0, 7958.0, 7935.0, 7906.0, 0.0, 0.0, 6529.0]",2.0000000000000027,7569.583333333333,5,8983.8330375856876
f,34,False,False,42,160.00000000000006,m,25817.131,80,"[7918.0, 7976.0, 8005.0, 8014.0, 8005.0, 8005.0, 8012.0, 8005.0, 8009.0, 8062.0, 8053.0, 8056.0, 8058.0, 8071.0, 8061.0, 8058.0, 8059.0, 8065.0, 8128.0, 8251.0, 8242.0, 8234.0, 8260.0, 8281.0, 8284.0, 8306.0, 8333.0, 8353.0, 8342.0, 8344.0, 8329.0, 8307.0, 8121.0, 8116.0, 8124.0, 8109.0, 8101.0, 8104.0, 8115.0, 8141.0, 8255.0, 8259.0, 8273.0, 8296.0, 8308.0, 8323.0, 8279.0, 8272.0, 8288.0, 8284.0, 8306.0, 8309.0, 8304.0, 8304.0, 8312.0, 8318.0, 8309.0, 8309.0, 8310.0, 8296.0]",2.0000000000000027,8188.8500000000004,5,8983.8330375856876
f,34,False,False,42,162.00000000000006,m,28398.844,81,"[8297.0, 8302.0, 8305.0, 8309.0, 8306.0, 8303.0, 8288.0, 8265.0, 8261.0, 8263.0, 8267.0, 8251.0, 8270.0, 8264.0, 8256.0, 8242.0, 8233.0, 8227.0, 8193.0, 0.0, 0.0, 0.0, 0.0, 7539.0, 8034.0, 7966.0, 7941.0, 7921.0, 7906.0, 7880.0, 7866.0, 7859.0, 7875.0, 7878.0, 7902.0, 7883.0, 7906.0, 7886.0, 7892.0, 7897.0, 7893.0, 7895.0, 7887.0, 7893.0, 7883.0, 7889.0, 7874.0, 7878.0, 7880.0, 7900.0, 7917.0, 7923.0, 7936.0, 8136.0, 8165.0, 8189.0, 8200.0, 8204.0, 8215.0, 8228.0]",2.0000000000000027,7518.6333333333332,5,8983.8330375856876
f,34,False,False,42,164.00000000000006,m,31238.728,82,"[8226.0, 8221.0, 8216.0, 8218.0, 8217.0, 8222.0, 8242.0, 8283.0, 8324.0, 8358.0, 8371.0, 8381.0, 8387.0, 8403.0, 8425.0, 8420.0, 8425.0, 8424.0, 8398.0, 8412.0, 8388.0, 8394.0, 8387.0, 8378.0, 8382.0, 8353.0, 8343.0, 8320.0, 8308.0, 8299.0, 8289.0, 8279.0, 8277.0, 8260.0, 8256.0, 8257.0, 8270.0, 8285.0, 8300.0, 8405.0, 8367.0, 8659.0, 8606.0, 8610.0, 8663.0, 8684.0, 8635.0, 8698.0, 8721.0, 8804.0, 8784.0, 8825.0, 8843.0, 8807.0, 8802.0, 8780.0, 8475.0, 0.0, 0.0, 2513.0]",2.0000000000000027,8054.6499999999996,5,8983.8330375856876
f,34,False,False,42,166.00000000000006,m,34362.601,83,"[7300.0, 8135.0, 8129.0, 8094.0, 8064.0, 8051.0, 8031.0, 8002.0, 7986.0, 7963.0, 7958.0, 7930.0, 7915.0, 7889.0, 7872.0, 7856.0, 7838.0, 7852.0, 7839.0, 7854.0, 7862.0, 7873.0, 7888.0, 7916.0, 7836.0, 7890.0, 7902.0, 7932.0, 7950.0, 7976.0, 7999.0, 8007.0, 8026.0, 8027.0, 8336.0, 8266.0, 8308.0, 8310.0, 8310.0, 8321.0, 8328.0, 8348.0, 8359.0, 8359.0, 8353.0, 8355.0, 8343.0, 8335.0, 8427.0, 8338.0, 8306.0, 8309.0, 8302.0, 8299.0, 8297.0, 8295.0, 8294.0, 8289.0, 8256.0, 8217.0]",2.0000000000000027,8098.3666666666668,5,8983.8330375856876
f,34,False,False,42,168.00000000000006,m,37798.861,84,"[8157.0, 8127.0, 8088.0, 8041.0, 8015.0, 8010.0, 8000.0, 7985.0, 7929.0, 7756.0, 7783.0, 7777.0, 7767.0, 7776.0, 7769.0, 7792.0, 7719.0, 7721.0, 7717.0, 7734.0, 7739.0, 7757.0, 7784.0, 7793.0, 7810.0, 7822.0, 7834.0, 7847.0, 7869.0, 7889.0, 7903.0, 7926.0, 8056.0, 7980.0, 7985.0, 7970.0, 7979.0, 7979.0, 7989.0, 7999.0, 8002.0, 8009.0, 8062.0, 8036.0, 8045.0, 8049.0, 8064.0, 8070.0, 8058.0, 8082.0, 8087.0, 8091.0, 8074.0, 8059.0, 8053.0, 8066.0, 8061.0, 8048.0, 8051.0, 8042.0]",2.0000000000000027,7944.6999999999998,5,8983.8330375856876
f,34,False,False,42,170.00000000000006,m,41578.747,85,"[8034.0, 8054.0, 8054.0, 8051.0, 8055.0, 8032.0, 8054.0, 8060.0, 8052.0, 8062.0, 8062.0, 8082.0, 8271.0, 8300.0, 8339.0, 8354.0, 8351.0, 8333.0, 8329.0, 8315.0, 8308.0, 8305.0, 8281.0, 8258.0, 8170.0, 8154.0, 8135.0, 8129.0, 8314.0, 8316.0, 8327.0, 8329.0, 8301.0, 8411.0, 8408.0, 8402.0, 8445.0, 8384.0, 8340.0, 8405.0, 8392.0, 8434.0, 8429.0, 8422.0, 8325.0, 5820.0, 0.0, 0.0, 0.0, 5319.0, 7583.0, 7791.0, 7767.0, 7708.0, 7644.0, 7559.0, 7526.0, 7501.0, 7476.0, 7467.0]",2.0000000000000027,7642.1499999999996,5,8983.8330375856876
f,34,False,False,42,172.00000000000006,m,45736.622,86,"[7448.0, 7433.0, 7375.0, 7354.0, 7372.0, 7371.0, 7393.0, 7401.0, 7438.0, 7449.0, 7466.0, 7584.0, 7623.0, 7622.0, 7623.0, 7660.0, 7663.0, 7675.0, 7699.0, 7723.0, 7720.0, 7724.0, 7725.0, 7733.0, 7747.0, 7754.0, 7767.0, 7766.0, 7767.0, 7797.0, 7718.0, 7769.0, 7753.0, 7780.0, 7786.0, 7797.0, 7826.0, 7823.0, 7829.0, 7832.0, 7811.0, 7785.0, 7751.0, 7752.0, 7745.0, 7727.0, 7718.0, 7701.0, 7713.0, 7715.0, 7722.0, 7741.0, 7748.0, 7755.0, 7760.0, 7813.0, 7976.0, 7862.0, 7875.0, 8000.0]",2.0000000000000027,7690.916666666667,5,8983.8330375856876
f,34,False,False,42,174.00000000000006,m,50310.284,87,"[8074.0, 8084.0, 8086.0, 8074.0, 8066.0, 8044.0, 8025.0, 8020.0, 8011.0, 8006.0, 7995.0, 7997.0, 7984.0, 8009.0, 8010.0, 8044.0, 7872.0, 7895.0, 7895.0, 7901.0, 7928.0, 7948.0, 7965.0, 7967.0, 7988.0, 8119.0, 8056.0, 8100.0, 8109.0, 8101.0, 8129.0, 8115.0, 8120.0, 8108.0, 8116.0, 8099.0, 8091.0, 8089.0, 8092.0, 8078.0, 8070.0, 8072.0, 8077.0, 8072.0, 8086.0, 8090.0, 8096.0, 8081.0, 8085.0, 8084.0, 8074.0, 8092.0, 8083.0, 8089.0, 8096.0, 8103.0, 8104.0, 8107.0, 8162.0, 8034.0]",2.0000000000000027,8052.7833333333338,5,8983.8330375856876
f,34,False,False,42,176.00000000000006,m,55341.312,88,"[8010.0, 8008.0, 7996.0, 7969.0, 7941.0, 7898.0, 7873.0, 7833.0, 7795.0, 7769.0, 7997.0, 7970.0, 7968.0, 7946.0, 7955.0, 7955.0, 7953.0, 7972.0, 7970.0, 7977.0, 7978.0, 7965.0, 7943.0, 7931.0, 7912.0, 7906.0, 7911.0, 7907.0, 7893.0, 7909.0, 7933.0, 7927.0, 7936.0, 7972.0, 7995.0, 7776.0, 7686.0, 7714.0, 7731.0, 7734.0, 7766.0, 7832.0, 7868.0, 7865.0, 7867.0, 7862.0, 7873.0, 7890.0, 7884.0, 7880.0, 7882.0, 7879.0, 7905.0, 7924.0, 7929.0, 7941.0, 7964.0, 7975.0, 8008.0, 8027.0]",2.0000000000000027,7907.25,5,8983.8330375856876
f,34,False,False,42,178.00000000000006,m,60875.443,89,"[8054.0, 8088.0, 8109.0, 8113.0, 8167.0, 8212.0, 8214.0, 8231.0, 8241.0, 8253.0, 8261.0, 8265.0, 7498.0, 0.0, 0.0, 5865.0, 8148.0, 8487.0, 8512.0, 8542.0, 8548.0, 8570.0, 8555.0, 8573.0, 8570.0, 8567.0, 8543.0, 8553.0, 8537.0, 8518.0, 8529.0, 8510.0, 8504.0, 8526.0, 2542.0, 0.0, 5748.0, 8099.0, 8417.0, 8469.0, 8475.0, 8487.0, 8491.0, 8487.0, 8523.0, 8525.0, 8707.0, 8428.0, 8450.0, 8414.0, 8433.0, 8429.0, 8436.0, 8434.0, 8451.0, 8442.0, 8419.0, 8413.0, 8381.0, 8369.0]",2.0000000000000027,7788.8666666666668,5,8983.8330375856876
f,34,False,False,42,180.00000000000006,m,66962.987,90,"[8349.0, 8332.0, 8308.0, 8303.0, 8292.0, 8299.0, 8273.0, 8281.0, 8273.0, 8277.0, 8280.0, 8288.0, 8295.0, 8303.0, 8310.0, 8314.0, 8329.0, 8352.0, 8352.0, 5583.0, 0.0, 6144.0, 8162.0, 8461.0, 8430.0, 8434.0, 8436.0, 8447.0, 8465.0, 8457.0, 8579.0, 8550.0, 8629.0, 8465.0, 8450.0, 8445.0, 8445.0, 8428.0, 8407.0, 8376.0, 8373.0, 8301.0, 0.0, 0.0, 6038.0, 7992.0, 8555.0, 8529.0, 8548.0, 8543.0, 8531.0, 8522.0, 8531.0, 8533.0, 8516.0, 8521.0, 8517.0, 8512.0, 8503.0, 8513.0]",2.0000000000000027,7861.3500000000004,5,8983.8330375856876
f,34,False,False,42,182.00000000000006,m,73659.286,91,"[8516.0, 8502.0, 0.0, 0.0, 0.0, 7247.0, 8253.0, 8511.0, 8488.0, 8496.0, 8498.0, 8518.0, 8527.0, 8524.0, 8547.0, 8556.0, 8557.0, 8572.0, 8580.0, 8592.0, 8592.0, 8605.0, 8615.0, 8627.0, 8630.0, 8627.0, 8639.0, 8636.0, 8638.0, 8647.0, 8641.0, 8666.0, 8806.0, 8810.0, 8859.0, 8837.0, 8846.0, 8844.0, 8840.0, 8842.0, 8848.0, 8829.0, 8824.0, 8834.0, 8839.0, 8792.0, 8765.0, 8785.0, 8784.0, 8783.0, 8788.0, 8787.0, 8805.0, 8512.0, 0.0, 0.0, 6075.0, 7957.0, 8624.0, 8681.0]",2.0000000000000027,7867.3833333333332,5,8983.8330375856876
f,34,False,False,42,182.00000000000006,m,73659.286,92,"[8682.0, 8692.0, 8702.0, 8719.0, 8716.0, 8734.0, 8739.0, 8724.0, 8725.0, 8725.0, 8716.0, 8719.0, 8695.0, 8697.0, 8680.0, 8685.0, 8675.0, 8661.0, 8659.0, 8661.0, 8489.0, 8489.0, 8474.0, 8459.0, 8446.0, 8440.0, 8420.0, 8414.0, 8393.0, 8397.0, 8292.0, 8294.0, 8273.0, 8285.0, 8280.0, 8289.0, 8315.0, 8342.0, 8351.0, 8358.0, 8364.0, 8367.0, 8375.0, 8407.0, 8418.0, 8439.0, 8464.0, 8480.0, 8513.0, 8541.0, 8591.0, 8811.0, 8796.0, 4954.0, 0.0, 4305.0, 7706.0, 8592.0, 8673.0, 8693.0]",0,nan,5,8983.8330375856876
f,34,True,False,1,184.00000000000006,m,62.5,1,"[8682.0, 8692.0, 8702.0, 8719.0, 8716.0, 8734.0, 8739.0, 8724.0, 8725.0, 8725.0, 8716.0, 8719.0, 8695.0, 8697.0, 8680.0, 8685.0, 8675.0, 8661.0, 8659.0, 8661.0, 8489.0, 8489.0, 8474.0, 8459.0, 8446.0, 8440.0, 8420.0, 8414.0, 8393.0, 8397.0, 8292.0, 8294.0, 8273.0, 8285.0, 8280.0, 8289.0, 8315.0, 8342.0, 8351.0, 8358.0, 8364.0, 8367.0, 8375.0, 8407.0, 8418.0, 8439.0, 8464.0, 8480.0, 8513.0, 8541.0, 8591.0, 8811.0, 8796.0, 4954.0, 0.0, 4305.0, 7706.0, 8592.0, 8673.0, 8693.0]",2.0000000000000027,8249.9166666666661,5,8983.8330375856876
f,34,True,False,4,186.00000000000006,m,60.0,2,"[8698.0, 8697.0, 8704.0, 8711.0, 8692.0, 8712.0, 8737.0, 8544.0, 8533.0, 8532.0, 8547.0, 8564.0, 8573.0, 8593.0, 8577.0, 8608.0, 8798.0, 8805.0, 8811.0, 8820.0, 8813.0, 8829.0, 8835.0, 8840.0, 8855.0, 8862.0, 8839.0, 8842.0, 8831.0, 8809.0, 8651.0, 8597.0, 8585.0, 8573.0, 8555.0, 8566.0, 8686.0, 8690.0, 8687.0, 8690.0, 8686.0, 8683.0, 8679.0, 8679.0, 8690.0, 8675.0, 8679.0, 8673.0, 8666.0, 8657.0, 8670.0, 8681.0, 8684.0, 8677.0, 8464.0, 8493.0, 8500.0, 8511.0, 8513.0, 8524.0]",2.0000000000000027,8672.9166666666661,5,8983.8330375856876
f,34,True,False,4,188.00000000000006,m,57.5,3,"[8530.0, 8536.0, 8532.0, 8523.0, 8519.0, 8407.0, 8414.0, 8412.0, 8420.0, 8419.0, 8414.0, 8409.0, 8404.0, 8404.0, 8394.0, 8388.0, 8386.0, 8392.0, 8394.0, 8402.0, 8357.0, 8348.0, 8341.0, 8364.0, 8384.0, 8385.0, 8404.0, 8388.0, 8283.0, 8305.0, 8334.0, 8352.0, 8369.0, 8408.0, 8434.0, 8451.0, 8471.0, 8461.0, 8406.0, 8433.0, 8482.0, 8514.0, 8515.0, 8539.0, 8554.0, 8561.0, 8572.0, 8629.0, 8375.0, 8413.0, 8410.0, 8425.0, 8422.0, 8441.0, 8453.0, 8299.0, 8311.0, 8300.0, 8301.0, 8311.0]",2.0000000000000027,8420.0666666666675,5,8983.8330375856876
f,34,True,False,6,190.00000000000006,m,55.0,4,"[8311.0, 8335.0, 8364.0, 8370.0, 8386.0, 8275.0, 8287.0, 8317.0, 8343.0, 8360.0, 8384.0, 8364.0, 8343.0, 8351.0, 8359.0, 8347.0, 8361.0, 8300.0, 8272.0, 8256.0, 8281.0, 8297.0, 8313.0, 8334.0, 8333.0, 8361.0, 8378.0, 8392.0, 8438.0, 8457.0, 8639.0, 8650.0, 8653.0, 8658.0, 8651.0, 8664.0, 8660.0, 8589.0, 8599.0, 8586.0, 8584.0, 8584.0, 8557.0, 8564.0, 8538.0, 8562.0, 8570.0, 8582.0, 8579.0, 8579.0, 8594.0, 8571.0, 8569.0, 8577.0, 8579.0, 8584.0, 8490.0, 8583.0, 8614.0, 8632.0]",2.0000000000000027,8468.5,5,8983.8330375856876
f,34,True,False,6,192.00000000000006,m,52.5,5,"[8509.0, 8651.0, 8589.0, 0.0, 8734.0, 8803.0, 8807.0, 8833.0, 8804.0, 8727.0, 8732.0, 8725.0, 8724.0, 8723.0, 8746.0, 8706.0, 8293.0, 8413.0, 8417.0, 8432.0, 8459.0, 8479.0, 8491.0, 8512.0, 8503.0, 8510.0, 8498.0, 8514.0, 8341.0, 8352.0, 8363.0, 8371.0, 8379.0, 8425.0, 8458.0, 8484.0, 8507.0, 8528.0, 8551.0, 8437.0, 8441.0, 8450.0, 8454.0, 8482.0, 8517.0, 8530.0, 8572.0, 8563.0, 0.0, 8561.0, 8644.0, 8653.0, 8651.0, 8663.0, 8698.0, 8503.0, 8512.0, 8519.0, 8540.0, 8556.0]",2.0000000000000027,8267.3166666666675,5,8983.8330375856876
f,34,True,False,6,194.00000000000006,m,50.0,6,"[8559.0, 8574.0, 8585.0, 8606.0, 8623.0, 8621.0, 8609.0, 8588.0, 8591.0, 8608.0, 8620.0, 8615.0, 8592.0, 8437.0, 8419.0, 8437.0, 8446.0, 8442.0, 8436.0, 8443.0, 8440.0, 8419.0, 8374.0, 8342.0, 8336.0, 8339.0, 8326.0, 8340.0, 8349.0, 8362.0, 8392.0, 8425.0, 8429.0, 8443.0, 8466.0, 8334.0, 8364.0, 8399.0, 8398.0, 8399.0, 8430.0, 8370.0, 8335.0, 8345.0, 8356.0, 8372.0, 8394.0, 8391.0, 8393.0, 8398.0, 8399.0, 8407.0, 8436.0, 8456.0, 8480.0, 8518.0, 8549.0, 8559.0, 8568.0, 8573.0]",2.0000000000000027,8454.2666666666664,5,8983.8330375856876
f,34,True,False,6,196.00000000000006,m,47.5,7,"[8475.0, 8492.0, 8459.0, 8471.0, 8494.0, 8532.0, 8569.0, 8512.0, 8528.0, 8545.0, 8568.0, 8567.0, 8575.0, 8381.0, 8363.0, 8366.0, 8378.0, 8380.0, 8371.0, 8350.0, 8342.0, 8323.0, 8306.0, 8299.0, 8249.0, 8162.0, 8216.0, 8211.0, 8217.0, 8216.0, 8213.0, 8211.0, 8206.0, 8188.0, 8179.0, 8216.0, 8044.0, 8049.0, 8019.0, 8039.0, 8041.0, 8041.0, 8024.0, 8004.0, 8014.0, 8014.0, 8044.0, 8068.0, 8074.0, 8097.0, 8104.0, 8127.0, 8149.0, 8181.0, 8179.0, 8099.0, 8092.0, 8093.0, 8113.0, 8113.0]",2.0000000000000027,8249.2000000000007,5,8983.8330375856876
f,34,True,False,7,198.00000000000006,m,45.0,8,"[8115.0, 8125.0, 8127.0, 8177.0, 8191.0, 8210.0, 8235.0, 8269.0, 8305.0, 8346.0, 8358.0, 8390.0, 8416.0, 8451.0, 8559.0, 8335.0, 8352.0, 8413.0, 8429.0, 8455.0, 8467.0, 8494.0, 8506.0, 8545.0, 8553.0, 8567.0, 8559.0, 8570.0, 8597.0, 8591.0, 8588.0, 8587.0, 8567.0, 8573.0, 8581.0, 8596.0, 8586.0, 8576.0, 8564.0, 8548.0, 8666.0, 8675.0, 8680.0, 8661.0, 8654.0, 8641.0, 8624.0, 8603.0, 8457.0, 8460.0, 8441.0, 8426.0, 8417.0, 8405.0, 8415.0, 8408.0, 8401.0, 8303.0, 8288.0, 8310.0]",2.0000000000000027,8456.7999999999993,5,8983.8330375856876
f,34,True,False,8,200.00000000000006,m,42.5,9,"[8286.0, 8230.0, 8250.0, 8268.0, 8314.0, 8344.0, 8363.0, 8382.0, 8403.0, 8430.0, 8388.0, 8350.0, 8337.0, 8354.0, 8401.0, 8421.0, 8464.0, 2941.0, 0.0, 2973.0, 7932.0, 8323.0, 8359.0, 8388.0, 8414.0, 8422.0, 8448.0, 8470.0, 8507.0, 8511.0, 8538.0, 8547.0, 8585.0, 8616.0, 8638.0, 8690.0, 8714.0, 8723.0, 8734.0, 8754.0, 8751.0, 8749.0, 8746.0, 8735.0, 8732.0, 8720.0, 8704.0, 8698.0, 8703.0, 8711.0, 8748.0, 8807.0, 8822.0, 8808.0, 8720.0, 8704.0, 8690.0, 8691.0, 8702.0, 8681.0]",2.0000000000000027,8213.8999999999996,5,8983.8330375856876
f,34,True,False,9,202.00000000000006,m,40.0,10,"[8675.0, 8665.0, 8640.0, 8619.0, 8612.0, 8424.0, 8435.0, 8419.0, 8388.0, 8379.0, 8397.0, 8430.0, 8470.0, 8321.0, 8358.0, 8372.0, 8386.0, 8388.0, 8426.0, 8469.0, 8512.0, 8532.0, 8541.0, 8541.0, 8532.0, 8550.0, 8553.0, 8551.0, 8574.0, 8568.0, 8592.0, 8603.0, 8613.0, 8612.0, 8597.0, 8481.0, 8459.0, 8466.0, 8492.0, 8520.0, 8588.0, 8591.0, 8584.0, 8584.0, 8574.0, 8561.0, 8552.0, 8563.0, 8552.0, 8553.0, 8537.0, 8527.0, 8498.0, 8465.0, 8254.0, 8258.0, 8224.0, 8213.0, 8190.0, 8172.0]",2.0000000000000027,8486.7000000000007,5,8983.8330375856876
f,34,True,False,10,204.00000000000006,m,37.5,11,"[8192.0, 8029.0, 8053.0, 8063.0, 8069.0, 8074.0, 8103.0, 8118.0, 8126.0, 8164.0, 8178.0, 8201.0, 8214.0, 8229.0, 8267.0, 8302.0, 8357.0, 8385.0, 8418.0, 8433.0, 8452.0, 8467.0, 8489.0, 8304.0, 8324.0, 8317.0, 8317.0, 0.0, 0.0, 8329.0, 8259.0, 8272.0, 8255.0, 8261.0, 8271.0, 8270.0, 8288.0, 8223.0, 8224.0, 8224.0, 8226.0, 8221.0, 8252.0, 8242.0, 8249.0, 8238.0, 8496.0, 8515.0, 8519.0, 8519.0, 8524.0, 8533.0, 8520.0, 8540.0, 8346.0, 8373.0, 8362.0, 8356.0, 8342.0, 8331.0]",2.0000000000000027,8020.416666666667,5,8983.8330375856876
f,34,True,False,10,206.00000000000006,m,35.0,12,"[8326.0, 8309.0, 8298.0, 8300.0, 8290.0, 8279.0, 8285.0, 8308.0, 8270.0, 8269.0, 8303.0, 8322.0, 8353.0, 8355.0, 8384.0, 8405.0, 8418.0, 8427.0, 8450.0, 8483.0, 8501.0, 8522.0, 8554.0, 8560.0, 8545.0, 8587.0, 8592.0, 8594.0, 8609.0, 8610.0, 8624.0, 8625.0, 8728.0, 8327.0, 8390.0, 8400.0, 8390.0, 8385.0, 8382.0, 8353.0, 8320.0, 8291.0, 8193.0, 8147.0, 8106.0, 8094.0, 8061.0, 8029.0, 7985.0, 7972.0, 7957.0, 7889.0, 7893.0, 7890.0, 7891.0, 7892.0, 7919.0, 7938.0, 7955.0, 7968.0]",2.0000000000000027,8291.7000000000007,5,8983.8330375856876
f,34,True,False,10,208.00000000000006,m,32.5,13,"[7996.0, 8028.0, 8058.0, 8087.0, 8120.0, 8159.0, 8192.0, 8248.0, 8261.0, 8301.0, 8343.0, 8433.0, 8146.0, 8217.0, 8242.0, 8282.0, 8322.0, 8363.0, 8392.0, 8395.0, 8392.0, 8421.0, 8449.0, 8478.0, 8511.0, 8556.0, 8580.0, 8615.0, 8615.0, 8669.0, 8491.0, 8537.0, 8553.0, 8570.0, 8599.0, 8631.0, 8653.0, 8712.0, 8727.0, 8747.0, 8742.0, 8744.0, 8743.0, 8772.0, 8772.0, 8796.0, 8794.0, 8797.0, 8813.0, 8870.0, 8608.0, 8655.0, 8654.0, 8656.0, 8666.0, 8675.0, 8666.0, 8651.0, 8653.0, 8541.0]",2.0000000000000027,8505.9833333333336,5,8983.8330375856876
f,34,True,False,10,210.00000000000006,m,30.0,14,"[8427.0, 8432.0, 8418.0, 8432.0, 8434.0, 8433.0, 8432.0, 8436.0, 8462.0, 8471.0, 8424.0, 8389.0, 8412.0, 8414.0, 8428.0, 8444.0, 8449.0, 8455.0, 8476.0, 8486.0, 8486.0, 8520.0, 8527.0, 8529.0, 8537.0, 8550.0, 8568.0, 8575.0, 8420.0, 8440.0, 8440.0, 8450.0, 8449.0, 8449.0, 8446.0, 8411.0, 8323.0, 8336.0, 8351.0, 8355.0, 8374.0, 8371.0, 8415.0, 8509.0, 8518.0, 8513.0, 8530.0, 8539.0, 8524.0, 8549.0, 8557.0, 8550.0, 8569.0, 8579.0, 8620.0, 8390.0, 8420.0, 8437.0, 8450.0, 8450.0]",2.0000000000000027,8463.0,5,8983.8330375856876
f,34,True,False,10,212.00000000000006,m,27.5,15,"[8445.0, 8453.0, 8436.0, 8436.0, 8420.0, 8404.0, 8405.0, 8391.0, 8384.0, 8401.0, 8401.0, 8328.0, 8230.0, 8217.0, 8224.0, 8232.0, 8232.0, 8253.0, 8281.0, 8272.0, 8220.0, 8239.0, 8255.0, 8258.0, 8271.0, 8282.0, 8284.0, 8232.0, 8218.0, 8231.0, 8236.0, 8264.0, 8269.0, 8296.0, 8283.0, 7429.0, 0.0, 0.0, 6832.0, 8156.0, 8215.0, 8239.0, 8248.0, 8275.0, 8286.0, 8290.0, 8303.0, 8298.0, 8306.0, 8315.0, 8303.0, 8276.0, 8247.0, 8200.0, 8142.0, 8106.0, 8070.0, 7968.0, 7871.0, 7842.0]",2.0000000000000027,7948.333333333333,5,8983.8330375856876
f,34,True,False,10,214.00000000000006,m,25.0,16,"[7844.0, 7834.0, 7826.0, 7817.0, 7827.0, 7760.0, 7758.0, 7760.0, 7785.0, 7784.0, 7805.0, 7824.0, 7846.0, 7864.0, 7900.0, 7920.0, 7950.0, 7990.0, 8008.0, 8068.0, 7964.0, 7987.0, 7997.0, 8025.0, 8040.0, 8072.0, 8110.0, 8116.0, 8092.0, 8060.0, 8087.0, 8084.0, 8114.0, 8123.0, 8121.0, 8151.0, 8156.0, 8178.0, 8129.0, 8117.0, 8107.0, 8125.0, 8139.0, 8141.0, 8180.0, 8195.0, 8352.0, 8342.0, 8337.0, 8333.0, 8316.0, 8096.0, 8144.0, 8107.0, 8121.0, 8113.0, 8128.0, 8140.0, 8125.0, 8148.0]",2.0000000000000027,8043.0333333333338,5,8983.8330375856876
f,34,True,False,10,216.00000000000006,m,22.5,17,"[8164.0, 8166.0, 8191.0, 8210.0, 8221.0, 8233.0, 8256.0, 8291.0, 8304.0, 8341.0, 8366.0, 8379.0, 8377.0, 8387.0, 8405.0, 8417.0, 8417.0, 8281.0, 8276.0, 8304.0, 8300.0, 8313.0, 8306.0, 8328.0, 8346.0, 8355.0, 8387.0, 8392.0, 8406.0, 8405.0, 8415.0, 0.0, 8435.0, 8416.0, 0.0, 8457.0, 8476.0, 8509.0, 8523.0, 8551.0, 8547.0, 8567.0, 8573.0, 8582.0, 8586.0, 8584.0, 8600.0, 8587.0, 8590.0, 8596.0, 8587.0, 8596.0, 8608.0, 8597.0, 8584.0, 8610.0, 8618.0, 8628.0, 8648.0, 8524.0]",2.0000000000000027,8151.9666666666662,5,8983.8330375856876
f,34,True,False,10,218.00000000000006,m,20.0,18,"[8588.0, 8581.0, 8604.0, 8631.0, 8637.0, 8658.0, 8648.0, 8621.0, 8612.0, 8568.0, 8542.0, 8494.0, 8430.0, 8428.0, 8394.0, 8395.0, 8397.0, 8395.0, 8391.0, 8426.0, 8439.0, 8457.0, 8477.0, 8477.0, 8482.0, 8458.0, 8301.0, 8177.0, 8155.0, 8154.0, 8135.0, 8099.0, 8060.0, 8038.0, 7973.0, 7943.0, 7917.0, 7813.0, 7797.0, 7784.0, 7780.0, 7765.0, 7771.0, 7766.0, 7767.0, 7766.0, 7774.0, 7780.0, 7784.0, 7801.0, 7804.0, 7810.0, 7839.0, 7842.0, 7860.0, 7845.0, 7799.0, 7811.0, 7823.0, 7826.0]",2.0000000000000027,8159.8166666666666,5,8983.8330375856876
f,34,True,False,10,220.00000000000006,m,17.5,19,"[7845.0, 7841.0, 7862.0, 7861.0, 7884.0, 7872.0, 7877.0, 7852.0, 7853.0, 6958.0, 0.0, 0.0, 7690.0, 7769.0, 7796.0, 7837.0, 7849.0, 7865.0, 7888.0, 7907.0, 7910.0, 7922.0, 7943.0, 7876.0, 7908.0, 7928.0, 7938.0, 7947.0, 7997.0, 7997.0, 8020.0, 8053.0, 8059.0, 8055.0, 8047.0, 8069.0, 8069.0, 8060.0, 8092.0, 8077.0, 8099.0, 8076.0, 8064.0, 8031.0, 8022.0, 8004.0, 7993.0, 7884.0, 7888.0, 7875.0, 7875.0, 7863.0, 7859.0, 7868.0, 7865.0, 7875.0, 7863.0, 7865.0, 7875.0, 7885.0]",2.0000000000000027,7648.3666666666668,5,8983.8330375856876
f,34,True,False,10,222.00000000000006,m,15.0,20,"[7898.0, 7916.0, 7945.0, 7954.0, 7996.0, 8017.0, 8041.0, 8046.0, 8099.0, 8090.0, 8077.0, 8078.0, 8076.0, 8078.0, 8075.0, 8083.0, 8083.0, 8093.0, 8090.0, 8106.0, 8135.0, 8132.0, 8150.0, 8094.0, 8107.0, 8125.0, 8143.0, 8168.0, 8060.0, 8075.0, 8083.0, 8088.0, 8073.0, 8065.0, 8063.0, 8057.0, 8052.0, 8051.0, 8043.0, 8053.0, 8034.0, 8038.0, 8041.0, 8044.0, 8055.0, 8063.0, 8081.0, 8080.0, 8093.0, 8182.0, 8200.0, 8226.0, 8211.0, 8210.0, 8194.0, 8159.0, 8154.0, 8140.0, 8135.0, 8114.0]",2.0000000000000027,8085.1999999999998,5,8983.8330375856876
f,34,True,False,10,224.00000000000006,m,12.5,21,"[8107.0, 8110.0, 8102.0, 8103.0, 8114.0, 8117.0, 8040.0, 8046.0, 8060.0, 8075.0, 8088.0, 8125.0, 8141.0, 8138.0, 8167.0, 8170.0, 8153.0, 8170.0, 8169.0, 8154.0, 8159.0, 8136.0, 8138.0, 8128.0, 8138.0, 8137.0, 8151.0, 8138.0, 8150.0, 8155.0, 8078.0, 5704.0, 2077.0, 6576.0, 7938.0, 7971.0, 7978.0, 8008.0, 7990.0, 7966.0, 7932.0, 7917.0, 7894.0, 7873.0, 7845.0, 7838.0, 7848.0, 7859.0, 7840.0, 7849.0, 7854.0, 7874.0, 7869.0, 7884.0, 7903.0, 7898.0, 7913.0, 7827.0, 7811.0, 7828.0]",2.0000000000000027,7857.0166666666664,5,8983.8330375856876
